frame_index,timestamp,time,nose_x,nose_y,nose_conf,left_eye_x,left_eye_y,left_eye_conf,right_eye_x,right_eye_y,right_eye_conf,left_ear_x,left_ear_y,left_ear_conf,right_ear_x,right_ear_y,right_ear_conf,left_shoulder_x,left_shoulder_y,left_shoulder_conf,right_shoulder_x,right_shoulder_y,right_shoulder_conf,left_elbow_x,left_elbow_y,left_elbow_conf,right_elbow_x,right_elbow_y,right_elbow_conf,left_wrist_x,left_wrist_y,left_wrist_conf,right_wrist_x,right_wrist_y,right_wrist_conf,left_hip_x,left_hip_y,left_hip_conf,right_hip_x,right_hip_y,right_hip_conf,left_knee_x,left_knee_y,left_knee_conf,right_knee_x,right_knee_y,right_knee_conf,left_ankle_x,left_ankle_y,left_ankle_conf,right_ankle_x,right_ankle_y,right_ankle_conf
0,1.78E+12,0,399.9491577,67.14840698,0.997279584,412.1885986,55.36524963,0.97836405,386.799408,55.51066589,0.994128227,423.036499,64.2959137,0.607917368,362.4097595,64.42089844,0.939304471,439.4237061,134.4114075,0.991024017,332.1992798,136.1572266,0.999144673,467.0439453,217.9728088,0.94733429,288.4305115,207.0117798,0.995347321,479.3555298,290.9660339,0.938996077,222.6146545,239.8766174,0.989493489,421.5279846,319.9644775,0.993823171,351.2869263,321.0957947,0.997721374,427.8546143,449.5972595,0.662078738,348.4230042,454.866394,0.823353291,424.6046753,480,0.055307809,353.9642639,480,0.09268415
1,1.78E+12,0.093,400.7685547,67.28642273,0.997258306,412.5162659,55.43057251,0.976350725,387.5039978,55.80104065,0.994291186,422.5445251,64.00535583,0.571217179,362.5630188,64.71260071,0.944154918,439.3033447,133.5903625,0.991109729,332.3787842,136.0140686,0.999192297,467.4100342,217.5516663,0.947247624,287.7325439,207.8239746,0.995694876,478.8221436,290.7802734,0.938380659,221.0718079,241.5108185,0.99004972,422.1046143,318.250061,0.994038463,351.9472961,319.6091919,0.99786061,427.6361084,447.1915283,0.674857676,347.161499,452.7263794,0.834619582,424.138916,480,0.058369111,350.9133911,480,0.098342001
2,1.78E+12,0.14,401.2259521,66.19639587,0.997221708,413.25177,54.59494019,0.976780415,387.9866333,54.59988403,0.994265139,423.236145,64.1708374,0.584471524,362.850708,64.13859558,0.944904089,439.4855652,134.8983459,0.991166413,331.3988647,136.3333588,0.999115169,467.3068848,218.2393036,0.947241843,287.287323,207.7410736,0.99511838,479.882843,289.9572144,0.936649621,221.9592743,241.5660095,0.988711596,419.6963501,322.5655823,0.993933141,348.3612976,323.4275513,0.997706056,425.8937683,455.5757446,0.641564965,342.5737,460.5752563,0.80514425,423.2816162,480,0.048331827,345.9118652,480,0.07897564
3,1.78E+12,0.186,401.4138184,66.63819885,0.997722447,413.9506836,55.05297852,0.981340468,388.0091858,54.75836182,0.995204806,424.5202637,64.72767639,0.613421261,362.6957397,63.96817017,0.947111905,439.8718567,135.2869873,0.991609633,332.4546814,136.3824158,0.999177992,467.6912231,219.0723724,0.946874022,288.9221191,208.0860291,0.995180964,479.583374,290.4441223,0.938214123,222.8065186,240.2612915,0.989147782,421.4177551,321.2613831,0.993605614,351.2009277,322.0015259,0.997610688,425.5786438,451.2679138,0.655005097,347.5697327,455.7698059,0.816109538,421.1138,480,0.053668622,352.6455994,480,0.088626854
4,1.78E+12,0.234,401.1474609,66.21769714,0.997504532,413.6294556,54.74847412,0.979287267,387.721283,54.37312317,0.994779825,424.1072388,64.80688477,0.596483588,362.315918,63.87452698,0.9452191,439.8657532,135.6137085,0.991002023,332.4545593,136.4637146,0.999195158,467.7523499,219.7168732,0.944308937,288.3934937,208.085556,0.995529711,481.6331177,291.4803772,0.935044825,221.7262573,239.7995758,0.989603102,423.0475769,321.4118652,0.993667662,352.6742859,322.0908508,0.997752607,426.5897827,451.3085022,0.65364325,347.1154175,455.7729797,0.822184086,422.2530212,480,0.053652376,351.1989441,480,0.091389112
5,1.78E+12,0.279,401.0569458,66.77381897,0.997576416,413.5044556,55.14289856,0.980429649,387.646759,55.04779053,0.994845152,424.1210632,64.66757202,0.613160133,362.5927124,64.34036255,0.944702744,439.1427612,135.0571289,0.991618872,332.4838257,136.2547607,0.999159455,467.1946411,218.6730957,0.948261738,288.0550232,207.4593353,0.99515909,480.5477905,290.52771,0.939503193,222.5213013,239.6856689,0.989143789,420.1855774,320.8587952,0.993873835,350.5916748,321.7615967,0.997678339,425.4537048,450.510498,0.667093694,348.589325,455.3669739,0.822793067,421.6622009,480,0.056776021,353.6179504,480,0.093160219
6,1.78E+12,0.325,401.545105,66.36343384,0.99747014,413.8376465,54.76029968,0.978995383,388.0351868,54.58618164,0.994811177,424.1515808,64.49513245,0.58253938,362.3719482,64.02119446,0.94490087,439.8703613,135.4088745,0.990794718,332.3377075,136.5924683,0.999109685,467.5093079,218.7629089,0.943656266,289.091095,207.6837006,0.995029628,479.9262085,290.6314392,0.934180796,223.3623657,240.2088928,0.988778293,422.3709106,321.6397705,0.993556917,351.620697,322.4857178,0.997613072,428.0361633,451.5791626,0.655766547,346.7558594,456.3138428,0.818022966,423.6700134,480,0.055272143,349.7467651,480,0.091509953
7,1.78E+12,0.373,401.4084778,66.16687012,0.997582793,413.6261597,54.76620483,0.97985965,388.1685486,54.3946991,0.994990647,423.7466125,64.65908813,0.601675272,362.72995,63.75662231,0.948295414,439.9375916,135.8114624,0.991850555,331.4761047,136.6368713,0.999171734,468.1078796,218.6828918,0.947241306,287.4153137,207.4598389,0.995060384,479.9921875,290.1786804,0.936463952,223.6048279,240.8376465,0.988623738,421.8577271,322.4641418,0.994112074,350.6369019,323.20401,0.997760177,427.253418,454.45401,0.664148331,346.5896912,458.8922119,0.819760442,423.5370178,480,0.05498866,351.0971069,480,0.089511596
8,1.78E+12,0.419,401.335083,66.25384521,0.997541785,413.879364,54.73454285,0.980060458,387.9762573,54.24488831,0.994856954,424.3797302,64.43893433,0.600804627,362.4462585,63.21052551,0.945296049,439.6821289,135.0022888,0.991335869,332.1690674,135.8907623,0.999139309,467.3661499,218.0069733,0.945129335,288.5334778,207.2418823,0.99496752,480.696106,289.6378479,0.934641063,223.3932495,239.6309814,0.988514841,422.8631287,321.3902893,0.993750274,352.2420654,322.1954346,0.997650564,427.8092346,449.8042908,0.669298589,347.4389038,454.3207397,0.82476896,423.8731079,480,0.059522379,351.7720032,480,0.097571269
9,1.78E+12,0.466,401.3088074,66.35523987,0.997369528,413.688324,54.71627808,0.978466332,387.8850098,54.53283691,0.994471788,424.1987915,64.32035828,0.58813262,362.4273376,63.80258179,0.941809833,439.6968994,135.1664429,0.990778327,332.4482117,136.171814,0.999115169,467.3392334,218.5302734,0.945149779,288.6874695,207.3280945,0.995167255,479.9674072,289.1802979,0.936874568,223.0768127,239.9410706,0.989165246,422.1361084,320.6082153,0.993755817,351.6593628,321.3781433,0.99769479,427.0915222,451.384552,0.662908375,346.7717285,455.9157104,0.822854042,424.2832031,480,0.055878129,351.2893372,480,0.092791133
10,1.78E+12,0.512,401.4936829,66.38697815,0.997531772,413.6278687,54.7387085,0.979299068,387.9078369,54.6235199,0.994904041,423.7129211,64.20695496,0.590116203,362.1695862,63.90621948,0.948140562,439.6558533,134.9905396,0.991575181,332.2692871,136.3039551,0.999172747,467.6481934,218.0874176,0.945684552,288.7894592,207.2891235,0.9951455,481.5886841,289.613739,0.935117483,223.6968536,239.88797,0.988837123,423.0180054,320.2843018,0.993891001,352.6687012,321.319397,0.997724354,427.6492004,448.8016357,0.674759984,348.0921936,453.8631592,0.829750478,423.2995605,480,0.060279571,352.6331482,480,0.099170856
11,1.78E+12,0.606,401.3861389,66.39727783,0.997526705,413.847229,55.02058411,0.980055869,388.175293,54.67204285,0.994852483,424.3915405,64.91311646,0.618220568,363.1653137,64.02087402,0.946623981,440.1173401,135.8191071,0.991682172,332.0882874,136.4208374,0.999192059,468.307312,218.6688843,0.945375383,288.0641174,206.7662506,0.99511081,481.780365,290.5531616,0.936426222,223.907196,240.477356,0.988852978,420.9624634,319.3392334,0.994144499,350.8020325,320.0390015,0.997821808,425.6201782,450.228302,0.691453218,350.0083618,454.7259521,0.841224909,420.6943665,480,0.064410925,357.0338745,480,0.106574766
12,1.78E+12,0.653,401.7505798,66.52967834,0.997218132,414.0612183,54.82881165,0.976451039,388.3115234,54.56838989,0.994320273,424.2202148,64.17895508,0.563517392,362.5831299,63.42729187,0.944002688,439.3984985,135.2419586,0.990537226,332.4308472,135.8157654,0.999089718,467.3157349,219.0787964,0.942723453,288.940094,207.168808,0.994989574,481.5350952,290.8886719,0.932995975,223.1173248,240.5885925,0.988652289,421.9378052,321.3740845,0.993628025,351.7853088,322.0870972,0.99764961,427.3876343,452.3713684,0.657706559,348.2065735,456.9125366,0.819936812,424.0485535,480,0.055143792,353.0550537,480,0.091407724
13,1.78E+12,0.699,401.215332,66.36228943,0.997386754,413.9238586,54.82948303,0.980082452,387.8246155,54.58169556,0.994338691,425.0063477,64.69407654,0.621035218,362.8127136,64.0009613,0.938196242,440.2642212,135.2783508,0.990834355,333.0838623,136.2160645,0.999087572,467.7374878,218.3874512,0.945347488,289.1097412,206.9536438,0.994858265,480.9244385,290.7475281,0.936694622,223.2151489,240.3671875,0.988540709,422.2267151,320.568512,0.993671656,352.084259,321.3101501,0.997612,426.9097595,451.4051514,0.663762212,348.5276794,455.9408569,0.820811093,423.7102661,480,0.056972913,353.9892578,480,0.094044909
14,1.78E+12,0.746,400.7286072,66.27622986,0.997643769,413.4034424,54.66775513,0.981807649,387.3027954,54.4433136,0.994832635,424.5224609,64.38777161,0.636960387,362.3422241,63.75198364,0.94253099,440.3982544,135.2282715,0.99187237,332.406311,136.1334534,0.999160767,468.0631104,218.8197784,0.949176013,289.2346497,206.77771,0.995052516,480.802002,292.166687,0.939305186,223.5370331,239.8470154,0.988800049,421.8950195,321.1524353,0.993846118,351.1436157,321.8950195,0.997637868,427.8033752,450.3296509,0.660466254,348.0941772,455.0461426,0.816934764,423.7803345,480,0.055382889,353.4779968,480,0.090787582
15,1.78E+12,0.793,400.9105835,66.18511963,0.99727267,413.3690186,54.67073059,0.978861809,387.6205444,54.41281128,0.994091332,424.0878601,64.55743408,0.612276912,362.7097778,63.8341217,0.93892628,440.2337341,135.5773163,0.990987957,332.6467896,136.0660095,0.999079823,467.8057251,219.3033142,0.945545256,288.4061584,206.7217102,0.994794428,481.6922913,291.7377625,0.934773207,222.059967,240.0941162,0.988144398,422.4288025,321.995636,0.993599534,351.9216919,322.5299988,0.997566581,426.8323364,452.4924927,0.64999491,347.0256348,456.9038086,0.810398459,423.1366577,480,0.053025454,351.778656,480,0.087060645
16,1.78E+12,0.839,400.9804077,66.10281372,0.997408092,413.4216003,54.69734192,0.979084849,387.7383728,54.31002808,0.994552195,423.9525757,64.64477539,0.607576132,362.7058716,63.61724854,0.94421351,439.8706665,135.5765991,0.991229415,332.5129395,136.0928497,0.999165893,468.5394287,218.5394135,0.944288552,288.9127502,206.6304932,0.995150447,482.0870056,289.933136,0.934725106,223.7236938,239.858551,0.988848805,422.5958557,320.9732056,0.993820488,352.5710754,321.6102295,0.997734427,427.1529541,450.6991272,0.670032442,349.9094543,454.9258118,0.829247117,423.3650208,480,0.058775343,356.3242798,480,0.09841308
17,1.78E+12,0.886,400.71521,66.09371948,0.99742341,413.2583923,54.53056335,0.979435205,387.3103943,54.2525177,0.994470358,424.0766907,64.52363586,0.61367631,362.2609863,63.81211853,0.942396343,440.1058044,135.6994324,0.991234243,332.1137085,136.6892395,0.999177039,467.4439087,219.5410919,0.946336508,287.8358459,208.1579285,0.995380044,481.2363892,290.5799561,0.937074244,221.978363,239.9850769,0.989376068,422.880249,322.4059143,0.993864954,352.1508789,323.2229309,0.99776125,427.4797974,452.9266357,0.653931797,347.9553223,457.6427307,0.818915486,423.3763428,480,0.052863143,352.8047485,480,0.08900702
18,1.78E+12,0.979,400.6195374,66.13711548,0.997240186,413.1765442,54.52818298,0.979129553,387.3241882,54.36282349,0.994032323,424.2280579,64.42596436,0.627553701,362.838562,63.89886475,0.93882972,440.4651794,135.9059906,0.990695596,332.8585205,136.4020996,0.999090195,467.8917542,219.9884491,0.942622721,288.4229126,206.9811707,0.994780719,481.4401855,292.4042969,0.93310225,223.9380341,239.5665894,0.98818469,421.7739258,322.3355713,0.993319273,351.6879578,322.8596191,0.997520387,425.0692444,454.4057617,0.639259934,348.4433594,458.9190063,0.807142913,420.5136414,480,0.050352436,354.1625366,480,0.084376425
19,1.78E+12,1.026,401.1416321,66.03556824,0.997627795,413.7037048,54.62243652,0.981178701,387.7243042,54.19441223,0.994838417,424.5673828,64.77592468,0.62308073,362.5774536,63.70747375,0.943856299,440.3016663,135.8605347,0.991784453,333.0734863,136.3670654,0.999185264,467.5733337,219.3929443,0.948399723,289.8144836,207.3378906,0.995306551,481.0401917,291.1307068,0.937777698,225.1123352,239.4967804,0.989139915,423.4546814,321.903595,0.993848264,352.8705139,322.5614929,0.99769932,429.5299683,450.7023621,0.653232932,348.5129395,455.1410522,0.815820158,425.522583,480,0.05372737,351.9765015,480,0.089459807
20,1.78E+12,1.073,401.2672729,66.02302551,0.997594416,413.8649292,54.45613098,0.981758058,387.885376,54.20613098,0.994725525,424.9476013,64.29847717,0.643397689,363.0224304,63.63139343,0.942619145,441.2329407,135.4939117,0.991793811,332.9024048,136.3751526,0.999163508,468.7543335,218.9026794,0.947394907,288.5170593,207.2501831,0.994934261,481.5022583,290.6009521,0.936487138,223.5138855,240.3300171,0.98834151,423.8496704,321.9940186,0.99374795,352.8631592,322.7714844,0.997615814,428.8661804,451.6731567,0.653854907,348.7347412,456.2491455,0.812908232,425.722168,480,0.054091986,354.5116577,480,0.08898247
21,1.78E+12,1.119,401.3354492,66.18862915,0.997302532,414.159668,54.67388916,0.979426622,388.0028076,54.28723145,0.994275868,425.3085022,64.75314331,0.625209868,363.079895,63.76364136,0.940642893,441.3382568,135.9473877,0.990705192,332.3659668,136.6710815,0.999108374,468.5768433,219.0343628,0.941644728,288.7343445,207.429245,0.994774163,481.3319092,289.9462891,0.931465387,222.5646362,240.5071411,0.987958014,422.5912476,322.1576843,0.993317604,351.4071045,322.7557983,0.997532845,426.8031921,453.3883362,0.639891922,347.9779663,457.7671509,0.80810684,422.3022461,480,0.051288713,354.6966553,480,0.086009078
22,1.78E+12,1.166,401.5089111,66.10289001,0.997453392,413.7584229,54.47418213,0.980018675,388.2451172,54.38705444,0.994400918,424.276123,63.82672119,0.62237525,363.3113403,63.53829956,0.942493856,440.6123657,134.6864014,0.992309093,332.3717346,135.9504395,0.999123394,468.8084106,218.4731598,0.951838851,287.2897034,207.7513733,0.994706094,481.9760742,290.9230042,0.940044165,221.1735992,242.5966187,0.987952173,422.0284424,321.6578064,0.994203508,351.1730957,322.6409912,0.997652948,428.4111938,451.5224609,0.668621302,348.4299011,456.4490356,0.814474046,425.0357056,480,0.056195486,353.7817993,480,0.088675953
23,1.78E+12,1.212,401.4513245,65.79420471,0.997690201,413.9999084,54.43914795,0.982343256,388.1877441,53.91812134,0.994945467,424.8616943,64.62716675,0.643989384,363.2698669,63.41928101,0.944372118,440.84375,136.0315857,0.991799355,333.2025757,136.8178101,0.999185741,468.18396,218.2267456,0.945874691,287.9130554,207.2819824,0.994967878,482.8378906,290.4432068,0.934506714,222.1283264,241.1398468,0.988346756,424.5457153,320.9171753,0.993483722,354.1162415,321.7507324,0.997550547,429.3102112,448.7088013,0.656193793,350.0108948,453.2657776,0.816483855,425.5702515,480,0.05634306,355.5491943,480,0.093389146
24,1.78E+12,1.258,402.2766418,66.938797,0.998609304,414.624054,55.35043335,0.98763752,388.6890259,54.68766785,0.996907532,425.9768677,64.73678589,0.66011095,362.5675659,63.6428833,0.954558432,443.8739624,133.7138977,0.995320857,330.4346008,136.5301819,0.99921155,472.2230225,217.1551819,0.966672599,284.0640869,207.9868774,0.994868398,479.5391541,291.069397,0.95778209,223.8223267,240.3714294,0.989680469,426.9996643,316.5334778,0.995150924,352.0944824,317.8400879,0.997660875,431.5960388,445.3390503,0.710433304,344.7028198,450.0539551,0.815988719,425.4112854,480,0.061653655,342.8196411,480,0.084965006
25,1.78E+12,1.305,401.5587769,65.96426392,0.998482645,414.4540405,54.75848389,0.988366306,388.1643066,53.89216614,0.996343911,426.7183838,65.18563843,0.71455425,362.9248657,63.70959473,0.943621695,444.8172913,133.3998413,0.995212555,331.1554565,136.7259064,0.999173701,475.1359558,214.436615,0.968075335,285.6537781,205.5613098,0.994726717,482.5086975,289.764679,0.959797621,226.4835663,233.5083618,0.989475965,427.0794067,315.5687561,0.995307267,352.071991,316.9291382,0.997696698,431.8477783,443.3546753,0.720586717,345.1635437,448.1981201,0.822011232,426.9769287,480,0.065738134,344.6072083,480,0.091251314
26,1.78E+12,1.351,401.2243042,66.09484863,0.998437464,414.1479492,54.62115479,0.988462865,387.7253113,54.03858948,0.996091306,426.6819458,64.50323486,0.724945724,362.7074585,63.63119507,0.940121591,444.5767212,132.6389923,0.995533109,331.1651306,136.6078186,0.999139309,475.889801,213.0939484,0.970601082,285.7240601,205.5505371,0.99439019,485.559021,287.3570251,0.962555528,226.6815033,232.5760651,0.989049792,425.7319946,315.3118286,0.995639324,351.2963867,316.9963684,0.997733474,430.3010864,442.4960022,0.739545941,346.1782532,448.0135498,0.828730464,424.7237244,480,0.07179945,346.3712463,480,0.096500784
27,1.78E+12,1.398,399.7580566,65.61134338,0.998394191,412.7669678,53.91308594,0.988896132,386.5038757,53.66963196,0.995841444,426.0153198,63.37788391,0.758122623,362.5684814,63.20968628,0.936353445,445.6330566,130.8855896,0.995679975,330.5527649,137.3544922,0.999235034,480.7816772,210.3250732,0.970583558,284.4238281,207.3016663,0.994834423,491.8287354,283.7271423,0.962834954,225.8513794,229.4330292,0.98951602,427.0654907,313.0427551,0.995828211,352.0458374,315.7053833,0.997918189,430.7696838,438.5881958,0.755908012,347.486969,445.4746704,0.846569896,424.5518188,480,0.079339713,348.9169312,480,0.110226996
28,1.78E+12,1.446,399.1056824,65.44706726,0.998384714,412.4899902,53.974823,0.989794016,386.0635986,53.41595459,0.995612264,426.3294067,64.21980286,0.784780383,362.5727539,63.31777954,0.928950131,446.2385254,131.8896637,0.995617986,330.2917175,137.9279785,0.999149919,482.8019409,210.0731506,0.970829546,283.8587646,206.3599548,0.994226396,493.0655518,281.3587952,0.963098466,228.0589294,223.9814148,0.988541603,426.5844727,313.9973145,0.995449007,350.6325684,316.3851318,0.997623265,430.7445984,441.0601807,0.727507472,345.2139282,447.5254822,0.820408344,425.3827515,480,0.067720532,345.2954712,480,0.092622474
29,1.78E+12,1.54,397.8415833,65.4637146,0.9982692,411.1668396,54.15327454,0.989983916,385.1681519,53.56956482,0.994991004,425.2450256,64.43658447,0.805293798,362.1674194,63.39764404,0.91711241,446.2601318,131.6866913,0.996039987,329.3735046,137.6910095,0.999052346,485.9518738,207.8199158,0.973944366,284.3323975,203.5748901,0.993309855,491.2436829,274.9352417,0.967051744,234.9185944,216.2565308,0.987353563,425.5292969,312.5388489,0.995977104,348.8838806,314.8101807,0.997662425,429.9596558,437.4811707,0.772986889,344.1030884,443.334198,0.841329336,425.9085388,480,0.087788701,345.1952515,480,0.113165975
30,1.78E+12,1.588,396.4799805,65.40237427,0.998064339,410.1005249,54.3913269,0.990463078,384.3222656,53.58859253,0.993928075,425.0314331,65.12612915,0.838833034,362.5531311,63.55204773,0.895875216,446.7196045,132.0312653,0.995937467,329.3659973,137.9333649,0.9988451,486.7632446,205.9537659,0.973955452,282.8710938,202.3042603,0.991514206,487.7236633,270.6567993,0.967137039,237.2358246,213.9827881,0.984755576,424.9102783,312.2458191,0.995676816,348.1702881,314.3429871,0.997253001,428.7703247,437.6807861,0.76852721,345.0249634,442.7880554,0.826635182,424.6478271,480,0.087938622,346.7392883,480,0.109054759
31,1.78E+12,1.635,390.6763916,65.73040771,0.997921884,404.4625854,54.39407349,0.991554201,379.1994019,54.18411255,0.992582679,421.2432861,64.40513611,0.882353246,359.9750977,64.25906372,0.846470654,445.3935547,128.4622345,0.99574393,329.1061096,138.5998688,0.998637736,489.9689026,200.4564819,0.974344015,286.1274414,203.4618835,0.990222692,465.4762878,246.9053802,0.969638824,243.2768555,198.5178833,0.983176827,421.1881104,311.617981,0.995463431,344.1262817,314.3088379,0.996940255,428.1955566,432.5959167,0.788462579,341.1494751,436.3245239,0.836447954,428.1335449,480,0.105502114,341.1871643,478.5089722,0.12938188
32,1.78E+12,1.681,390.3637085,65.61604309,0.996538877,403.8770752,53.61561584,0.985753417,378.66922,54.28033447,0.987879574,421.2899475,62.51104736,0.836141229,360.3432922,63.80711365,0.828600228,448.2082825,129.298584,0.993700504,330.7250671,136.1257935,0.998454094,483.6030273,209.9496613,0.962893546,289.5667419,205.8044739,0.989590108,451.2787476,238.4152374,0.954760492,241.7004089,194.6905823,0.979676008,423.2614746,317.2802734,0.993624568,345.2097168,318.4825439,0.996269584,429.1192017,441.0162354,0.69059366,341.4760742,443.6104431,0.780412793,424.0384521,480,0.064788163,344.1190186,480,0.088364281
33,1.78E+12,1.728,390.1516724,65.86238098,0.996290684,403.4284363,53.74421692,0.9838081,378.3694153,54.58921814,0.988328457,420.4352112,62.48403931,0.831106722,360.1144409,64.28216553,0.848806858,448.5986023,129.9073181,0.992958307,330.6265259,135.8411713,0.998641431,481.5563965,211.428009,0.951003611,288.8136597,205.1593323,0.990249336,440.0947876,227.2953796,0.941251993,239.9866638,191.2567749,0.979051709,423.1172485,317.4227905,0.993088067,344.8228455,317.8738098,0.99646914,427.6853027,441.8803711,0.691233397,340.5422668,442.5904236,0.801904261,421.6878357,480,0.069361292,343.7294006,480,0.101988085
34,1.78E+12,1.774,390.1516724,65.86238098,0.996290684,403.4284363,53.74421692,0.9838081,378.3694153,54.58921814,0.988328457,420.4352112,62.48403931,0.831106722,360.1144409,64.28216553,0.848806858,448.5986023,129.9073181,0.992958307,330.6265259,135.8411713,0.998641431,481.5563965,211.428009,0.951003611,288.8136597,205.1593323,0.990249336,440.0947876,227.2953796,0.941251993,239.9866638,191.2567749,0.979051709,423.1172485,317.4227905,0.993088067,344.8228455,317.8738098,0.99646914,427.6853027,441.8803711,0.691233397,340.5422668,442.5904236,0.801904261,421.6878357,480,0.069361292,343.7294006,480,0.101988085
35,1.78E+12,1.821,387.5266724,65.84014893,0.996749401,401.8634949,53.44351196,0.987155914,375.6847839,53.98651123,0.988016605,420.9418945,62.51547241,0.850375473,357.8398132,63.5403595,0.784157515,445.8766479,130.9682007,0.992480397,332.3261414,133.753006,0.998225272,470.6808167,215.769516,0.958957374,292.0313416,203.6834106,0.989433587,412.0457458,218.8279419,0.957581162,243.659668,189.0650635,0.981556177,419.0561218,319.3859253,0.992479444,342.4553528,317.9645996,0.995731771,425.8734741,440.64151,0.697494864,338.7330933,437.1881409,0.789307892,424.1152954,480,0.071329549,340.4142456,477.5257263,0.099691175
36,1.78E+12,1.867,386.4056396,65.75028992,0.996655345,400.8040161,53.26409912,0.98748976,374.7221375,53.85372925,0.987080634,420.6438904,62.40159607,0.857992113,357.9205933,63.50946045,0.754381478,444.3933716,131.6807251,0.991520941,334.4064331,133.130188,0.998029888,463.7935791,218.9039917,0.955396771,293.1448059,203.6577454,0.988835037,397.8013916,214.1851196,0.953871667,246.1214447,184.848938,0.980494976,417.6904297,323.9675903,0.991137803,342.6963196,321.770752,0.995037854,424.8502808,441.3384705,0.66810894,337.5393066,436.37146,0.767630935,426.2409058,480,0.066911526,338.110199,476.5089417,0.094854929
37,1.78E+12,1.914,385.3746948,65.38380432,0.996854246,400.0249939,53.15211487,0.989224136,374.2053833,53.4054718,0.986175954,420.1995239,62.92391968,0.875008523,358.216217,63.1867981,0.708935797,441.5003967,132.6502991,0.992391884,334.7583618,132.4295044,0.997394443,459.228363,219.9486084,0.966249585,293.4368286,202.6810913,0.985965371,390.1098938,210.0985718,0.964902222,248.2983093,182.2820892,0.978431761,411.6916199,327.4042053,0.990816474,338.1169434,324.4725342,0.993660271,422.1010742,448.9754639,0.621089935,335.3988037,442.6445313,0.687260807,428.3142395,480,0.048614342,335.430603,480,0.061077181
38,1.78E+12,1.962,383.9734802,65.7117157,0.996222734,399.0520325,53.36920166,0.989188135,372.995636,53.82798767,0.981082797,421.0135498,63.04803467,0.893119812,358.1448669,63.74414063,0.611565053,440.890686,132.4842377,0.991628647,336.166687,132.0528259,0.996618867,455.215332,218.5168152,0.968114436,289.01828,199.6091309,0.98311168,381.7027588,208.5534821,0.967825472,246.9187317,179.3316803,0.976301491,410.1877441,324.7342224,0.991253078,337.5827942,321.6464844,0.993352771,420.0330811,448.6635742,0.654629946,334.8110657,441.9679871,0.697823644,431.0253296,480,0.0567834,333.6089172,480,0.068028778
39,1.78E+12,2.009,380.8612061,66.08256531,0.995955706,396.5994873,53.52236938,0.992453516,370.2515259,53.86912537,0.970275044,420.9263306,62.60180664,0.930636883,357.6959229,62.63920593,0.414293766,436.1256104,131.9879608,0.991919398,343.0499268,127.9370728,0.992598414,426.2810364,212.1929932,0.978470862,296.5422974,184.7368774,0.965506017,338.218689,198.9582672,0.974776208,253.9495544,169.736908,0.960952818,411.3589478,332.9958496,0.991686881,343.3535461,328.787323,0.990280211,423.6052856,458.8525391,0.63870132,335.1907959,450.9365234,0.583292246,439.8457642,480,0.051572826,328.8677368,480,0.048021629
40,1.78E+12,2.055,380.6245422,66.16120911,0.99502939,396.1917114,53.0695343,0.991493464,369.7116699,53.77352905,0.960720539,421.2799072,61.12945557,0.924402297,357.5031433,61.7666626,0.346120834,435.4430542,131.6178589,0.991382182,346.3621216,125.646759,0.988726854,422.8731995,212.7463684,0.979764462,303.7061768,181.6924591,0.951149642,329.901947,197.9577942,0.976153135,269.4703979,168.6122742,0.950790644,408.9575195,335.1969604,0.991465032,342.6777954,330.1842651,0.988191187,423.9620361,460.3273315,0.650633335,335.7411194,451.467041,0.560676813,441.9235229,480,0.056526288,326.0072937,480,0.047879796
41,1.78E+12,2.102,379.6626892,65.97470093,0.994442642,395.8075256,52.75390625,0.991110206,368.6941223,52.90325928,0.954248965,421.0093384,60.69844055,0.920386851,356.0435486,60.07325745,0.323808521,433.2677612,130.5128174,0.991815865,346.4321594,127.5258942,0.984704971,417.9935913,210.6511688,0.981587648,315.1942139,191.2990112,0.927391529,319.9837036,197.8386078,0.976412177,279.6576233,179.379425,0.932560861,408.7837219,338.0732117,0.991277218,343.7042236,334.2019958,0.985417485,426.0667419,459.7839966,0.665796638,340.3777771,452.1787109,0.533187211,440.7549438,480,0.063866839,333.9193726,480,0.047983933
42,1.78E+12,2.149,378.8305969,66.2073822,0.995527089,394.0250244,53.67527771,0.989819109,367.8545227,53.29566956,0.970276535,417.3980103,60.94015503,0.891757727,355.3842163,58.81463623,0.542221725,432.0578003,129.5368652,0.99423331,342.4473572,126.5774384,0.989489496,411.0185242,210.58255,0.983298957,318.8235168,199.151123,0.939547479,317.9567871,191.3004456,0.972981513,285.1915283,181.9238892,0.934876323,412.4544678,333.1820679,0.991045296,345.369751,329.7696838,0.986564636,433.8655396,459.6045532,0.632241488,346.0579834,451.8121338,0.52742964,444.2174072,480,0.050210193,343.0020142,480,0.039469067
43,1.78E+12,2.242,376.4140015,65.62886047,0.994686961,392.14328,53.28781128,0.989947379,365.8297729,52.5693512,0.960119665,416.4647522,60.86956787,0.906440496,354.6543579,57.76347351,0.454292685,429.2877197,128.8601685,0.994161427,343.9743652,124.9977875,0.984463215,407.0467529,209.1703491,0.98474437,321.2197876,195.8960876,0.91026932,315.0150452,192.4564667,0.97315979,283.819397,179.6423187,0.909403086,410.447998,333.1613159,0.990911961,346.2478027,329.4783325,0.983399689,434.0158691,462.7011719,0.631172657,351.2150879,454.4355164,0.48135829,445.9062195,480,0.05017668,348.5012512,480,0.035374381
44,1.78E+12,2.288,374.7579956,66.43269348,0.994404674,390.8096619,54.13568115,0.990019083,364.2302551,53.39579773,0.956375957,415.7469788,62.10568237,0.912099183,353.6507263,58.90382385,0.42839247,428.1875916,130.0049286,0.994049549,343.7355652,126.5901337,0.982755005,405.0797424,209.9590759,0.984764636,321.0772095,198.4474487,0.898816347,311.8727417,190.6463013,0.972700357,282.1954956,180.8146973,0.899940193,410.247406,334.8294067,0.990348935,346.9881287,331.3832703,0.981570303,434.8153381,465.182251,0.612947643,356.0812073,456.8770447,0.452757239,447.0916443,480,0.046389673,355.6008911,480,0.03203921
45,1.78E+12,2.335,370.6683044,64.84428406,0.99304235,386.5407715,50.73825073,0.991997421,359.3563843,52.66841125,0.921374261,414.1305237,57.59274292,0.947783172,349.5117188,60.7444458,0.194999158,428.2180176,127.7962646,0.994130671,345.5968018,127.2061615,0.976428986,408.8985901,210.8975983,0.989038229,316.4049377,192.8117676,0.883554339,313.4379578,196.7999268,0.983835578,276.0809937,180.7693634,0.906697571,406.8562622,331.8278198,0.993958712,345.4618835,329.6339722,0.984989882,430.6012573,451.1435852,0.781895995,353.4324951,446.8864746,0.592073977,447.8792419,480,0.110052288,351.9839783,480,0.069044329
46,1.78E+12,2.382,370.555481,63.6598053,0.993382931,386.321991,50.18006897,0.992055833,359.9590759,51.89541626,0.925455153,413.7234497,58.27444458,0.94925034,350.7848206,60.84268188,0.19832103,429.1602783,128.4583435,0.993878841,344.9375916,127.1161804,0.98027128,410.9871521,209.6060638,0.988785148,310.9307556,188.2569275,0.908113122,315.5853882,196.3375854,0.983865559,267.0020752,175.5664368,0.922262847,408.2343445,331.9465027,0.993981659,345.5028687,329.2601013,0.986626208,430.6965942,454.6207886,0.750191867,349.7507324,449.5256653,0.572433233,448.9961548,480,0.086549997,346.6116943,480,0.05745266
47,1.78E+12,2.428,371.5816956,62.59394836,0.993221283,387.374939,49.12171936,0.991733432,360.8582153,50.94239807,0.927853644,414.4205322,57.90490723,0.947515309,351.1970215,60.75010681,0.207763761,430.3373413,129.6376343,0.993413746,343.5953064,128.1390686,0.97938776,413.9495239,211.2437439,0.987329721,308.6040955,188.2664795,0.901036143,317.3439941,196.7378235,0.982511878,266.0246582,174.4978333,0.917856157,408.0465393,334.7993164,0.992871463,344.6656799,332.1700745,0.984383941,429.9231873,455.8499756,0.71808362,353.7444458,450.6277466,0.535486817,446.8565674,480,0.075864181,354.5286255,480,0.050541494
48,1.78E+12,2.475,372.2831421,62.77604675,0.993177652,387.795105,49.39216614,0.991460443,361.6679993,51.42727661,0.930891931,414.7588501,58.24957275,0.946921587,352.1357727,61.70291138,0.220260084,432.072113,129.8654175,0.992829382,343.1963501,129.0038147,0.980959892,418.9377441,212.4238586,0.985249817,305.2385864,187.886673,0.907605469,322.1295776,199.4073792,0.979749322,263.3181458,170.2539368,0.918194532,408.0902405,333.9414673,0.992225409,343.2825623,331.3517456,0.984369516,427.9733582,458.4204102,0.685593069,348.8795166,453.5315552,0.515591681,446.1812744,480,0.064540744,348.4176636,480,0.044870511
49,1.78E+12,2.522,373.2125854,63.29489136,0.994659245,388.6395874,50.01046753,0.992155254,362.8272095,51.81382751,0.951654315,415.5444641,58.21820068,0.94719851,353.4338989,61.22525024,0.289415449,434.6333008,128.7868652,0.992356539,341.8898315,127.7432556,0.989307344,425.8284302,212.6374359,0.981130838,297.1894836,187.2952576,0.947383165,335.4485168,199.4616241,0.977119386,255.5364075,169.4955292,0.947228491,412.3064575,327.5462952,0.991642594,346.0001831,325.0734863,0.987922966,429.2050476,452.1383667,0.677437723,351.1033936,447.0585938,0.583780944,447.1873779,480,0.062325668,352.8046875,480,0.053281736
50,1.78E+12,2.569,375.4350281,64.60331726,0.995415092,390.6174011,51.00375366,0.992354155,364.4179688,52.79304504,0.962687552,416.5606689,58.06568909,0.939373493,353.5288391,61.23387146,0.353233099,435.4590454,128.3509369,0.99249649,342.1234741,127.1701508,0.991289377,432.0122681,212.4313965,0.979090571,298.8844604,188.5018616,0.955331445,347.5419006,198.228241,0.976007879,257.7678833,172.4542999,0.953919709,412.7943115,325.3369446,0.991350293,346.795166,322.8348083,0.988714159,428.6932678,445.202179,0.701987505,352.1496582,439.8443909,0.635456681,445.5675659,480,0.0749138,355.0415955,480,0.067892723
51,1.78E+12,2.616,376.7522583,64.16697693,0.995112479,391.9891052,50.41670227,0.991767526,365.6837158,52.31604004,0.959670007,418.1415405,57.72576904,0.935020149,354.791626,61.10855103,0.33406508,437.5562134,128.8769073,0.992039919,343.0777283,127.2834015,0.990308583,436.7705688,213.8258209,0.979692161,299.9293518,189.5462646,0.954236388,352.927002,197.3189697,0.977802634,259.7095947,172.7707977,0.954869866,412.3427734,328.3559265,0.990412652,345.5361328,325.4056396,0.987242341,427.2232666,448.7990723,0.659694016,349.2794189,442.8656921,0.584183216,444.6074829,480,0.058990408,351.4728088,480,0.052458178
52,1.78E+12,2.663,379.0453491,65.24879456,0.995691597,394.4396362,51.14535522,0.991517842,367.5435486,52.96507263,0.968798041,420.352417,57.95011902,0.922620535,355.7755432,61.1486969,0.405233324,439.7585449,129.2376556,0.990225494,345.0645752,128.8296204,0.993324816,442.5827332,214.4782715,0.972458422,301.2103882,193.305603,0.969706059,362.7961121,200.144104,0.972668231,256.3952026,175.1834412,0.966801941,417.1116333,332.1095581,0.989936829,350.3688354,329.3472595,0.990071654,426.9197388,455.4390564,0.634289861,348.5450134,449.637085,0.622540891,443.4185791,480,0.053156409,349.2167969,480,0.056077018
53,1.78E+12,2.71,386.5890503,63.70394897,0.995749474,401.7996216,49.53504944,0.989760458,374.8981018,52.18244934,0.976364911,427.4992981,57.55841064,0.905826151,363.4835205,62.52342224,0.530159593,451.9450073,128.6303711,0.985773146,349.9838562,132.2875977,0.996154368,463.6016846,216.2092743,0.948279977,302.3351135,200.2713623,0.982465982,386.6925049,202.9847107,0.955800593,256.7453918,171.7342377,0.976218343,428.3886719,332.9169922,0.982725978,358.8801575,331.2793274,0.989528716,429.0255737,445.4267578,0.514558971,353.0692139,441.7586365,0.617430627,436.1380615,480,0.037693501,353.0606689,480,0.053859111
54,1.78E+12,2.757,388.3852234,64.80459595,0.995774209,402.8877563,50.08320618,0.989006996,376.1836548,53.1169281,0.977391124,427.4303284,56.76446533,0.889193773,363.7286377,62.87133789,0.548363984,453.3745117,127.1849213,0.985759795,349.941803,131.9270935,0.996208429,469.0073242,215.8908691,0.94873184,303.6959229,201.6505127,0.983351409,393.2262268,202.8672791,0.958137393,257.8945618,172.4488373,0.978033483,428.4943237,330.8449707,0.980670929,358.1041565,329.5669556,0.988426864,428.9884949,429.4832764,0.54544878,349.6133728,426.5710144,0.650379002,433.7687988,479.9938354,0.047689602,348.2858887,477.4742737,0.068179384
55,1.78E+12,2.804,388.833252,64.2177887,0.99569869,403.4581909,50.13249207,0.988947511,377.2117004,52.59906006,0.97660017,427.803833,58.08876038,0.895947814,365.3781433,62.69734192,0.561570227,454.9417725,129.1662598,0.986604273,351.4152832,133.1574097,0.996517301,471.6205139,215.046463,0.947856009,304.2220459,200.9971008,0.983400047,398.4472046,201.9340057,0.95726651,258.1666565,171.9924622,0.97797811,434.415741,330.8106079,0.981946528,365.2449646,329.3677673,0.989403963,429.6637573,435.2897339,0.550175548,358.5936584,431.7176819,0.657858014,430.8988953,480,0.045668002,360.3902893,480,0.06629096
56,1.78E+12,2.852,389.4841309,64.35346985,0.996195674,403.8361816,50.12174988,0.989652216,377.2684326,53.03800964,0.980223417,427.5763245,58.07530212,0.8947981,364.6001892,63.77322388,0.609116554,455.1009521,129.7232971,0.987816989,351.1664429,134.478363,0.996899128,474.6903992,215.1482849,0.94954443,304.4659424,201.7530823,0.984486878,402.9544067,202.5109406,0.957612157,257.7174683,172.8479156,0.978846192,435.1012573,333.9614563,0.98332423,365.963623,333.0080566,0.990320146,432.3339844,443.3127136,0.526130974,362.5717773,440.3374939,0.639595151,433.427948,480,0.038717255,364.0317383,480,0.0566958
57,1.78E+12,2.899,387.5122986,65.49954224,0.997931957,402.3350525,51.75218201,0.994719863,375.157135,52.92857361,0.98640281,427.2645569,60.49882507,0.946271956,361.1437988,63.19831848,0.542476892,453.1270447,134.4626007,0.994102776,353.1549988,132.7181091,0.997632623,480.0396729,220.5140839,0.977931678,297.2138367,194.0795593,0.990402341,404.1790161,207.9734497,0.979486883,256.7453003,176.1385803,0.987201095,436.1929932,337.1943665,0.993229985,363.8746033,332.340332,0.995368242,440.5245056,458.6903687,0.650960863,337.0794678,446.2194519,0.70890218,468.8064575,480,0.050863866,318.2189941,480,0.065774567
58,1.78E+12,2.945,386.1464844,66.39407349,0.997883856,401.1616516,52.51571655,0.994820952,374.1181335,53.57290649,0.985533655,426.9190063,60.74537659,0.950264931,360.9368591,63.14830017,0.523865342,453.7650757,134.7333679,0.994285047,351.5678101,134.3795013,0.99766624,480.7653503,221.6285553,0.97829175,295.7394714,198.1954956,0.990164816,405.6028442,210.6630554,0.979738116,255.9832916,177.7214355,0.986964166,436.3052979,338.0652161,0.993509352,362.8590393,333.9570923,0.995491564,442.1628113,459.7942505,0.661131799,339.4222717,448.6885986,0.716452241,468.1165466,480,0.052781183,321.933197,480,0.068118967
59,1.78E+12,2.991,378.6760254,73.43968201,0.997747123,394.088623,58.90705872,0.994859815,366.1604004,60.52880859,0.984606147,421.3876343,66.25537109,0.954406261,353.715332,69.79896545,0.493961602,452.5853882,139.4769287,0.992969453,348.0355835,139.7453918,0.997351527,481.7519531,231.0083618,0.972827196,296.0067749,203.8306274,0.989394844,406.9257202,228.0788116,0.974638343,250.5055389,186.9416351,0.985662401,440.1697388,342.2864685,0.990714669,365.3136902,338.4411621,0.993984759,448.9639587,468.8604736,0.509456336,344.5926514,458.2180176,0.594342053,470.4620361,480,0.027160304,325.3403931,480,0.037779853
60,1.78E+12,3.038,377.7844543,76.4851532,0.996820092,393.5799561,60.17488098,0.993601143,365.2241211,63.09613037,0.975444853,422.2884521,65.68669128,0.937623382,354.531189,71.04153442,0.41301775,457.4242554,137.9372711,0.989293694,345.372406,140.5991516,0.995972097,480.677002,232.5240479,0.965965629,302.8627625,210.5872192,0.984058201,407.2105103,226.3779907,0.970621645,249.8429565,183.4431458,0.979775667,435.9603882,354.0471497,0.978804052,356.8510437,350.890686,0.985431612,439.8424377,436.8825073,0.406846195,329.1882019,431.8440857,0.485369712,442.5436096,480,0.025188681,314.0193481,480,0.034488019
61,1.78E+12,3.085,373.4731445,78.59516907,0.998152316,388.3162842,63.22210693,0.996163845,360.769043,65.41249084,0.984678149,416.4645081,69.31155396,0.961878717,348.6158752,73.71150208,0.444888532,453.881897,144.017746,0.994610071,340.5191956,140.3105316,0.99747026,479.7730713,240.3983154,0.977610767,291.3833618,202.2842102,0.989290535,408.8614502,229.7678375,0.974975228,248.0404053,186.9145203,0.982793212,439.5036926,353.5377502,0.989085495,356.5924377,348.0073242,0.992157936,447.5139771,444.8108215,0.600758672,317.2432861,434.0179443,0.664227545,466.9464417,480,0.052431758,296.4834595,480,0.0696816
62,1.78E+12,3.131,373.3999329,83.41981506,0.997527063,389.687561,66.38224792,0.995551646,360.2105103,69.4694519,0.979291379,419.323761,72.11386108,0.960080445,349.5073242,77.6758728,0.428755045,458.019043,144.1827087,0.990595341,345.7582092,144.2650452,0.997006714,479.6800537,242.3917999,0.963761032,299.378418,212.8566284,0.986824453,403.2550354,236.3856812,0.970553339,247.7523499,191.3033142,0.982959986,445.9172363,350.9813232,0.975352764,366.5749207,346.1880188,0.98493737,436.087738,416.8605957,0.45677793,320.4912415,408.9711304,0.557440758,441.3542786,480,0.036486432,304.7212524,477.182373,0.053736046
63,1.78E+12,3.178,369.1651611,87.11392212,0.997073412,384.9440002,70.58610535,0.995210826,356.3630981,74.69212341,0.975518703,416.0339661,73.82611084,0.963871479,347.7687988,81.62612915,0.403884023,452.6518555,145.404541,0.990885854,342.3692017,148.2970581,0.996120214,476.1074219,240.3950958,0.963367701,295.1844177,212.6986389,0.978758574,402.967041,242.065979,0.968107641,244.1364746,193.2185059,0.974271119,437.4206848,350.2705688,0.981300473,363.4229736,347.9610291,0.986238778,435.9903564,458.6062622,0.390931338,354.5523682,454.2157593,0.454137832,442.2487488,480,0.020092104,355.5721741,480,0.027198203
64,1.78E+12,3.224,366.5857544,91.35699463,0.997394562,382.5808105,74.76795959,0.995520353,353.6355591,78.10494995,0.978118777,412.8121338,78.38790894,0.964361429,344.3955994,84.46070862,0.422844946,450.0335693,148.509552,0.99114567,340.9124146,148.2379456,0.996592343,474.4497681,247.2748108,0.964267313,294.1654663,214.678772,0.982965052,401.2069702,245.6100159,0.969657183,242.6288605,196.8027039,0.978880346,438.6287231,351.7440491,0.977109015,364.3008423,347.858429,0.984394789,435.7987061,442.7133789,0.377588123,344.9158936,435.2783203,0.457318097,442.8282776,480,0.021239778,340.7533569,480,0.030169949
65,1.78E+12,3.27,365.0496826,95.48739624,0.997214258,380.6687927,78.10472107,0.995629549,351.6497192,82.19517517,0.974404693,411.7166138,79.71882629,0.96578151,342.7237549,87.66731262,0.36962831,448.8635559,149.1760712,0.990690112,341.013916,150.6550903,0.995690405,471.4354858,248.5535583,0.96629113,292.6136169,217.4785919,0.97904247,399.0727234,251.3149109,0.971214652,240.882019,200.5975647,0.975962996,437.2997742,354.2964783,0.975370765,363.5030518,351.1257324,0.981391072,432.6623535,444.7542725,0.355609953,341.1365356,439.1865845,0.407453895,443.0176392,480,0.019171169,336.9472046,480,0.025368677
66,1.78E+12,3.363,354.1236877,115.490387,0.996776879,368.6835938,97.57368469,0.994964361,338.833313,101.717865,0.968467295,398.3310547,95.51741028,0.956835687,325.3708496,104.2185211,0.327583522,440.1043396,161.901886,0.9934569,327.5072632,161.1394653,0.994096994,467.0184021,268.6273804,0.978222847,292.2046509,227.6785736,0.973036289,393.8486328,282.2122498,0.976939797,245.080246,218.1169739,0.969689012,436.3372803,353.9318237,0.983991802,357.5042114,350.1541748,0.983844995,434.6320801,449.9286804,0.531342685,324.962677,443.56604,0.519523442,443.9102173,480,0.038534731,316.6492615,480,0.042441241
67,1.78E+12,3.409,349.4269409,120.7460632,0.997521937,364.0902405,104.1291809,0.995036185,335.6789551,106.4372253,0.980244875,393.6058655,101.9246216,0.951988339,323.4551392,106.9185791,0.412390023,429.2568359,165.9254456,0.993189335,329.8639832,164.0131073,0.995826781,471.4719849,263.7219543,0.974071264,285.1707764,228.6335144,0.983087063,393.7331238,290.1229858,0.974374831,255.657608,226.586731,0.981303573,432.579895,359.0221558,0.986473322,360.7385864,354.9101257,0.989589751,447.9037781,474.5588989,0.412150055,346.7588806,462.3235168,0.465956539,479.5442505,480,0.021405853,332.4430847,480,0.027569707
68,1.78E+12,3.456,347.5022583,124.5358276,0.997679055,362.4960632,108.0534668,0.995490968,333.8267212,110.5007629,0.981900334,392.754364,106.3192444,0.957523227,321.9533081,111.8117523,0.436894774,430.0215759,168.0389709,0.993443727,325.8927307,170.576416,0.996429861,471.388916,265.4346924,0.973529994,286.8144531,239.021698,0.984888434,396.7330627,296.8885498,0.971329331,259.2598267,229.8525391,0.981072664,431.7450256,358.4012146,0.986331224,355.6646423,356.1311951,0.990058601,451.1143799,473.8308411,0.378525555,337.8509521,465.6587524,0.445729792,479.4899292,480,0.018552681,321.7270203,480,0.024806833
69,1.78E+12,3.549,343.5051575,131.7910156,0.997459829,358.1621399,115.0674133,0.995521069,329.6318665,117.8905182,0.979876816,388.1421814,112.1860046,0.957158864,317.5192871,118.5436859,0.414815694,426.6237793,172.2453308,0.993406415,322.6922913,175.7121277,0.994353294,470.3877869,270.8660278,0.973599672,291.0588989,244.9823151,0.973909736,394.7562866,311.9931641,0.968189299,266.2490234,238.407135,0.969586134,428.590271,363.9212646,0.980719268,352.6362305,361.8966064,0.982639313,447.6422424,478.0319824,0.280986935,335.0984192,470.9916992,0.296896487,474.3905334,480,0.012239741,320.9621277,480,0.014131054
70,1.78E+12,3.595,343.391449,136.155365,0.997467756,357.5106506,118.8404846,0.995053113,328.6691895,122.0135345,0.981156766,385.9543152,114.5627136,0.945754707,314.4944458,121.7384949,0.452141762,424.4653625,173.8005676,0.993763864,322.6736145,176.2923584,0.993903816,471.1008911,272.3511047,0.974327922,294.7922974,244.679718,0.971922636,397.0651245,317.5767212,0.968419313,270.2386475,247.6031952,0.968082905,430.355896,365.0146484,0.980786502,356.0592041,362.4331055,0.981902957,444.5111084,476.4508667,0.292945683,334.3946228,468.1863403,0.29858169,470.7733765,480,0.013389447,320.5231934,480,0.014728738
71,1.78E+12,3.641,342.5280457,139.5227661,0.99733752,356.2440796,121.9516296,0.995010972,327.3487244,125.7654724,0.979584932,384.5368958,117.1732178,0.944820762,312.86203,125.7003174,0.431946933,423.7745361,176.2722931,0.994073331,322.5749817,177.177597,0.992727518,470.0751953,274.7979431,0.976608276,294.8895264,243.340332,0.967009604,399.5045471,324.770874,0.969921112,273.5453796,256.0078735,0.964065313,431.0968018,365.9229126,0.981308281,357.4047241,362.9081116,0.980502188,444.9328613,476.5496826,0.301536322,335.7918396,467.9447021,0.28774786,471.7270508,480,0.014194388,322.4072571,480,0.014637174
72,1.78E+12,3.688,340.574585,142.3610535,0.997154713,354.3312378,125.0215149,0.995047867,325.8899536,128.2662506,0.976395607,382.6356812,120.0154877,0.945007443,311.3414917,127.1581116,0.388715297,422.9109497,179.0898438,0.994915366,318.9447021,179.0235138,0.990533471,469.2554321,277.1312561,0.981217146,294.2329407,246.5492401,0.95557493,400.2817993,333.1083374,0.972518742,274.9202576,265.1550293,0.952952027,428.3306885,371.4560852,0.983466685,351.7079163,367.9642334,0.978712678,444.9361572,480,0.315713286,326.7540283,472.456604,0.260313421,470.6860657,480,0.015129407,311.11026,480,0.013470842
73,1.78E+12,3.735,333.4199829,156.1074524,0.995641708,346.5064697,139.0943909,0.994478226,318.3769836,142.2844238,0.953381538,376.2884521,131.8010864,0.964792371,306.0826111,138.8125916,0.287803113,429.7318726,187.012619,0.995195091,314.7373657,184.6270752,0.992054462,462.3599243,291.0253906,0.979970813,298.3959656,254.3251953,0.954321921,406.2945557,356.3253174,0.971877813,271.3393555,293.5400391,0.94912833,443.5759583,342.4550781,0.984647393,365.6929932,338.3332214,0.980823278,436.9857178,433.6923218,0.633316994,336.5632935,426.981781,0.586495757,432.5318298,480,0.074252754,337.6594543,480,0.075384647
74,1.78E+12,3.782,332.7147827,159.6097107,0.99597162,345.6322937,142.0322266,0.994666696,317.2288513,145.2216797,0.956332684,375.3770752,133.9989929,0.963517427,304.380127,141.1156311,0.295859396,430.1074219,190.5649872,0.995256126,314.2846985,186.1249542,0.992556274,462.6470947,297.4939575,0.980137408,298.7124329,256.7488708,0.959503591,408.4449463,360.762085,0.972575068,272.4501343,297.2411804,0.95420748,443.6856384,346.4375,0.982767761,364.3622742,341.1100464,0.979450643,434.6918335,430.8162842,0.606882453,326.4317017,422.7442627,0.568204939,430.561676,480,0.068494156,324.3246155,479.8403931,0.070941217
75,1.78E+12,3.828,332.2879944,161.9856567,0.995980501,344.2221985,143.9889832,0.994434536,316.1679993,148.3564911,0.958267212,373.7925415,134.013916,0.960191548,303.2437439,144.0220795,0.317958772,427.7549438,190.9828339,0.995242476,314.2620544,189.078064,0.993051887,460.0205688,296.8572693,0.979395747,298.2162781,258.7273865,0.96073693,408.5635376,365.5556335,0.970959246,274.3574829,301.7501526,0.954665422,442.006073,348.2683716,0.985019803,365.2237549,344.6146851,0.982560694,435.9433899,442.7496338,0.603115559,337.4794922,437.4254761,0.573157191,432.7368774,480,0.063786343,338.7907715,480,0.067444392
76,1.78E+12,3.875,330.9806519,164.4397278,0.996069789,342.8909607,146.9177551,0.994431794,315.203949,150.9623871,0.958042324,371.531189,137.8549194,0.961172819,302.269989,146.840332,0.330069989,425.5303345,193.8161621,0.995831311,315.4892578,191.5843658,0.994269013,458.0730591,299.7582092,0.980956554,297.8899841,262.5790405,0.965497255,408.3628235,370.8435364,0.972117841,269.7796021,311.2464294,0.958893001,449.8720703,345.5949707,0.988801956,376.6759644,342.2468262,0.987380743,439.7127686,443.6555176,0.696201503,351.0899048,437.4953308,0.673801541,437.8045959,480,0.092747629,357.5042725,480,0.100204453
77,1.78E+12,3.922,329.0070801,166.4733582,0.996180415,340.3496704,148.8625793,0.994509518,313.4963684,152.9809113,0.960350752,369.5932617,138.2264404,0.960097253,301.547821,147.5606842,0.329798132,425.3096313,195.1361847,0.995109022,313.6394653,193.2307434,0.993975937,459.8897095,299.9982605,0.977174342,296.5364685,262.4342957,0.964386165,410.1668701,372.6027832,0.96706754,272.4415588,309.2913513,0.956386447,447.1941528,352.8762207,0.985076725,372.5216064,349.6782837,0.984108746,441.2688599,454.1845093,0.568416119,350.686554,448.4356995,0.559544802,440.3375854,480,0.053548891,357.1405029,480,0.060412437
78,1.78E+12,3.968,328.4249878,168.9082336,0.996322036,340.1293945,151.1149445,0.994466245,312.568512,155.3200684,0.964418232,368.9749756,141.3071594,0.957287073,299.5358276,150.6803741,0.360644102,424.3085938,198.9409027,0.994991362,311.1019287,196.4705505,0.993901968,459.2971191,304.836731,0.975900233,295.48172,267.134491,0.963896811,410.4169922,375.7370605,0.963587224,270.6829834,318.1987305,0.953475833,446.9263306,357.2766113,0.982048333,370.7602234,353.9274597,0.981117904,443.760376,456.6373291,0.487718672,348.0427856,450.1946716,0.481392562,444.3244934,480,0.03948158,354.8742065,480,0.044624239
79,1.78E+12,4.014,328.5815125,170.2327576,0.996496499,339.6874084,152.2832336,0.99447602,312.3331299,156.7992554,0.964979112,367.8826294,141.4371948,0.954976797,298.500946,151.7974548,0.368089765,423.1315308,197.3907013,0.995680809,312.3296814,195.5045929,0.994909227,458.1293945,305.8297424,0.979183018,295.4013672,268.2154236,0.969949722,409.8754883,379.9391479,0.967791975,268.3730774,319.02948,0.960282922,448.4608154,348.5682373,0.986814022,373.7005005,345.0790405,0.986391902,438.632019,445.8713989,0.628767371,341.21698,439.4794312,0.622166574,441.8907166,479.1990356,0.07138373,346.6488647,480,0.080233231
80,1.78E+12,4.109,324.9883118,175.9165955,0.996645749,336.7524719,158.1550903,0.994688034,308.877594,162.2632446,0.968001366,365.7507019,148.0875092,0.95789814,295.2068787,157.5596008,0.380217731,421.6310425,203.206543,0.995152593,308.5666199,201.4032593,0.995343506,458.8901672,310.2712708,0.974958479,291.688385,275.1673279,0.973098338,410.4686279,384.4243774,0.962075114,270.8959045,328.1697998,0.961404383,446.1968384,353.2733459,0.982837677,369.8638306,349.3960571,0.984322608,433.3704224,448.8130493,0.536131024,334.5842285,441.2372742,0.558597684,436.3175354,480,0.051230833,339.7296448,480,0.062378552
81,1.78E+12,4.155,323.7496643,177.3078156,0.996527374,335.6491394,159.3502502,0.994541705,307.5243225,163.8162842,0.967545092,365.0665588,149.4591675,0.957510829,294.2884827,159.4573364,0.382291019,421.32547,205.2943268,0.994686604,309.2010803,204.0409241,0.99513787,458.868103,311.7958374,0.97179091,293.5010071,276.9808655,0.971415937,408.9877319,384.204895,0.957969368,271.2020569,330.1243286,0.959385991,449.3989258,356.7168884,0.979869843,374.4272766,353.5195313,0.982111931,440.0093994,453.5838013,0.472581774,347.5566711,446.4332275,0.505358219,441.9922485,480,0.039960712,355.769104,480,0.050353151
82,1.78E+12,4.201,322.7516174,177.9119415,0.996658683,334.9347534,160.105545,0.995003283,306.5504761,164.3214417,0.96682024,365.1664124,150.2176819,0.963635504,293.4932251,159.9283142,0.356773853,423.1657104,204.7715149,0.995372832,306.8779602,202.3525543,0.995472848,460.2880249,313.3207703,0.97609359,291.8659668,276.1841431,0.97424072,410.3916016,386.1313782,0.963480115,272.1686401,329.7557068,0.962363482,446.703949,352.7232056,0.983911276,367.9858704,348.5179443,0.985295653,437.5462036,447.5362549,0.554597378,334.0707092,439.5516357,0.580806673,439.7346191,480,0.055125806,339.5538025,480,0.068343684
83,1.78E+12,4.247,322.3620605,178.5436707,0.996556878,334.7903137,160.7194824,0.99496609,306.1191711,165.0531311,0.965568721,365.2104797,151.2421265,0.964809299,293.1342773,161.0915222,0.352941811,422.083252,205.9779358,0.995450199,307.4996338,204.2311096,0.995497465,460.3674316,312.4278564,0.97638911,291.3394165,277.4151611,0.973675609,412.1233826,385.4672241,0.964353144,270.2663574,333.5055542,0.9619748,446.6756897,352.9564209,0.98475188,369.7517395,349.147644,0.985917628,436.4155884,447.7082825,0.578427494,338.5005493,439.8977356,0.601707876,439.2588196,480,0.061476246,345.8179932,480,0.075867675
84,1.78E+12,4.293,322.2827454,179.1238708,0.996547997,334.5016174,161.1910858,0.994885862,306.2240906,165.7129517,0.967096448,364.903595,151.7162933,0.962203026,293.7910461,161.8572083,0.357492119,422.5896606,207.6996155,0.994378626,307.3795166,206.515976,0.994867206,461.1996155,313.9664917,0.970709801,290.8415222,279.019165,0.970831335,410.7454224,386.8899231,0.955245554,269.7431641,331.7437134,0.956936419,446.8575134,364.0388184,0.976519048,369.2562561,360.4856567,0.979252517,439.5874939,458.1580505,0.39203319,340.7895508,450.7054138,0.427252233,440.872345,480,0.029166238,346.1085205,480,0.037258718
85,1.78E+12,4.386,322.6517639,178.5176086,0.996650994,334.0293579,160.2254181,0.994871914,305.8866882,165.7574615,0.968607426,363.6220703,149.4296722,0.958955586,292.6557007,162.1284332,0.373829484,420.9182739,203.6783752,0.994918883,306.5699768,204.1520538,0.99483645,460.2615356,309.8838501,0.974432051,289.0591431,275.8380432,0.971094072,412.3478394,386.2122498,0.958903432,268.3403931,329.4949646,0.957369208,444.0661011,360.5752563,0.980611503,366.8116455,357.8111572,0.981821716,437.7999878,455.5787048,0.442911804,336.5496216,449.8408813,0.464937568,440.4958191,480,0.03531988,339.3725281,480,0.043047857
86,1.78E+12,4.432,327.364563,171.2878723,0.996567369,339.1477966,153.4706268,0.994361877,311.288269,157.8150177,0.969794035,367.5049133,143.5011597,0.953260362,297.686554,153.3641968,0.412977338,423.3025513,198.76297,0.994686604,307.6563721,199.8195496,0.994600177,464.5682983,301.2597961,0.971164346,287.6629639,272.3895264,0.965975225,418.2827759,375.0596313,0.958049536,262.7746582,325.3681335,0.953980505,444.9227905,359.4965515,0.978157461,369.4729919,357.2703552,0.979178071,431.7859802,457.3850708,0.428875536,348.4931335,451.9220886,0.444391042,425.394104,480,0.031802163,356.8251038,480,0.037811968
87,1.78E+12,4.478,328.7428894,168.4981079,0.996676683,340.4003601,150.8686829,0.994219184,313.0264282,155.1984711,0.972470999,368.3846436,141.4268188,0.950599611,299.598053,151.2033997,0.443036914,424.1387939,197.2873535,0.994679093,307.0967407,199.7060242,0.995070815,466.6680908,296.1066284,0.970095515,286.8731079,270.4179077,0.968768716,419.9163208,370.1436157,0.957581878,263.2872925,321.8472595,0.957056284,442.6742859,360.9401855,0.978429258,366.1965027,359.3430481,0.980236113,433.0892334,456.7254944,0.420544714,348.4650269,452.2853394,0.448264658,423.3938599,480,0.030993726,354.1826782,480,0.037861008
88,1.78E+12,4.524,329.9014893,166.6950073,0.996470451,342.1222534,148.874649,0.99429816,314.2693787,152.4927216,0.968328118,371.1165466,138.6761475,0.955611289,301.4126587,146.9130249,0.408760339,426.5117798,194.7859497,0.994764209,308.8288574,196.5389099,0.994868159,468.5762329,291.9809875,0.970834851,288.1529541,267.9855042,0.966050982,424.6373901,363.0895996,0.962791741,265.2134094,321.9519043,0.957520127,444.1264038,357.8969116,0.979163587,368.6102295,356.1877441,0.980230272,429.5032043,448.8123474,0.496462286,353.9723511,444.1661377,0.516277432,416.7341003,480,0.043712724,365.3209229,480,0.052590601
89,1.78E+12,4.571,331.7075195,163.7714844,0.996350288,344.7107239,146.3506317,0.994343042,316.1890259,149.8887634,0.967736244,373.9156494,138.1878815,0.958336174,302.8790588,146.0176086,0.411462426,427.7826233,193.3343048,0.995112121,308.7677612,197.1971436,0.994937181,472.0098572,285.4577637,0.97330451,286.7481689,267.4785156,0.965737104,430.1189575,359.0492554,0.965794921,266.3887329,321.8748169,0.957744241,445.3114014,353.3213501,0.982993126,369.094635,352.7684021,0.983140945,432.8069458,447.3863831,0.555789888,357.6440125,444.1347046,0.5663445,419.895752,480,0.053991046,368.2513733,480,0.063469961
90,1.78E+12,4.617,335.8153076,160.1907959,0.996765852,348.8187866,143.0076294,0.994029522,321.0264282,147.2920837,0.978098512,376.3679199,138.2761536,0.949559271,307.6662903,147.8939819,0.509683013,425.818634,192.3495483,0.995054126,314.0208435,200.4479675,0.994594038,479.3214417,282.6336975,0.97382617,289.2662964,268.8878479,0.967934906,434.3841553,359.7420959,0.965502799,268.5222778,309.5263672,0.962732375,444.4294128,348.5033875,0.979811966,368.5596619,349.9660034,0.980165482,454.0189209,441.8593445,0.521409154,357.9552002,440.2565308,0.528519988,460.2973328,480,0.049027883,357.1885376,480,0.054817826
91,1.78E+12,4.663,338.8348694,158.7462616,0.997759223,351.6074219,141.0578003,0.994596541,323.3659668,145.653183,0.986801267,377.8679199,135.6237793,0.933174849,308.1977844,145.92276,0.638723135,425.0455627,188.87677,0.995785534,313.5092468,199.2627411,0.996652663,483.6437988,277.4042053,0.974078596,287.739624,272.4517822,0.979423225,443.1442871,356.8190002,0.957851946,268.164032,318.8999329,0.966742456,443.0514832,357.7777405,0.983600259,366.4250793,360.1221619,0.986229181,456.4570618,453.348114,0.406181067,352.5682983,452.0730591,0.448137164,464.7810364,480,0.029653471,345.5250854,480,0.035568886
92,1.78E+12,4.71,343.0665894,155.9131165,0.997647464,355.9172974,137.9436951,0.994702876,326.5134583,142.7845764,0.98560822,382.1502686,131.8504333,0.940640688,309.4027405,143.0076904,0.623544574,432.3360596,185.2238464,0.996107519,309.2746277,195.2792358,0.996970415,487.0735474,273.1976929,0.975095272,283.3596802,267.4282837,0.980377376,451.4464417,351.1141968,0.959907532,270.0050049,316.4115295,0.967292726,443.6355591,352.3045044,0.986535013,361.8529053,354.2458496,0.988512635,446.223877,444.6070862,0.468443662,345.0193481,444.1455688,0.513690233,440.4452515,480,0.038170062,341.4807129,480,0.046794958
93,1.78E+12,4.756,346.9641418,153.9791412,0.997685313,359.6575317,136.1118774,0.994601727,330.5253296,140.7478333,0.98653686,385.5434265,129.5938721,0.936108649,312.9880676,140.4122314,0.644555092,435.1590271,183.1151733,0.995638549,311.8414917,195.1778564,0.996937156,493.8409424,267.9903259,0.970618129,281.9493713,268.1496582,0.978803813,456.1457214,345.5452881,0.956334651,269.041626,317.352356,0.96554172,445.7247314,351.3446655,0.985018075,364.8612671,353.8869629,0.98769325,441.4246216,452.7487793,0.428005129,348.5658875,452.415741,0.477680266,435.513916,480,0.030589579,346.2707214,480,0.037868243
94,1.78E+12,4.803,365.6824951,144.0447845,0.997749865,376.1634521,125.7763977,0.992204666,348.3538818,132.9973907,0.990840614,397.1315918,120.3665771,0.851951122,327.0803528,136.6690979,0.823915482,441.0220032,178.4912415,0.996661663,315.1687012,198.3684998,0.996546447,507.9125366,251.6321716,0.976080656,287.9697571,272.4351501,0.970658243,500.8596802,326.8701782,0.963592529,287.2184753,323.5281372,0.958463073,442.378479,348.4296875,0.988938808,361.2615356,357.1966553,0.98884356,444.9082642,457.3443909,0.530741394,357.731781,468.6925659,0.516929626,442.3632202,480,0.041856434,370.0991211,480,0.040017169
95,1.78E+12,4.85,369.9356384,141.0899963,0.997917831,380.5168457,123.104248,0.991292894,352.5762329,129.6640472,0.992757797,400.3458862,118.8235779,0.806955099,329.4619446,133.3218994,0.873617887,443.3478088,179.1082153,0.996620893,313.5440674,198.2637482,0.997057199,512.2824097,249.0182495,0.972534716,289.7660828,273.3335571,0.974125445,510.1411438,323.7010803,0.959797144,302.1428223,324.8598938,0.961906731,442.5483093,352.1075134,0.988804519,359.030304,360.9365234,0.989789665,443.0167236,462.8504028,0.502297223,355.475647,474.5448914,0.513757527,435.6687927,480,0.036755849,367.6953125,480,0.036757149
96,1.78E+12,4.896,374.7390442,139.5450745,0.997944176,385.2901917,121.7961426,0.990238309,357.3921814,128.2709808,0.993702054,404.1285706,117.9792023,0.757304728,332.8215027,132.047348,0.898238301,445.3840332,177.0492859,0.99676311,313.0035095,197.1674805,0.996978521,516.6346436,242.956131,0.973650992,291.973175,271.7611084,0.973283052,518.0015259,318.0151367,0.960493803,307.2180786,324.4989624,0.960415065,441.0956421,350.1398315,0.990707755,354.9753723,359.6766357,0.991089106,448.1365967,463.710083,0.54667747,351.4266968,476.6826172,0.548165739,440.7722168,480,0.043113939,360.5028076,480,0.04112478
97,1.78E+12,4.942,379.7207642,136.6748352,0.998005807,390.4013672,118.4379272,0.989955306,361.6412354,125.5892029,0.9945997,409.2048645,114.1764832,0.742152393,336.5426025,129.8966827,0.919478357,447.3684998,172.2146454,0.996264517,316.5391235,194.725296,0.997441411,517.7942505,238.510376,0.967675209,295.8332825,271.4444275,0.977270544,526.7844238,313.0630188,0.954646111,310.1139832,319.1457214,0.964830279,440.946991,341.1118469,0.99022913,356.4839783,351.8725891,0.991931975,447.4356079,457.8840332,0.562021852,353.4612427,473.5939941,0.599336207,439.7657166,480,0.046981554,363.2458496,480,0.049078017
98,1.78E+12,4.988,384.9610291,133.7124023,0.998182416,395.1645813,115.2624207,0.989527464,366.855011,122.0999451,0.99502337,413.5600586,110.2272339,0.702083528,341.1612549,125.1638489,0.9309659,447.5770264,169.5989075,0.996822238,318.5026855,189.7929382,0.997989416,514.7210083,234.2657166,0.975204289,292.5776672,269.1584167,0.98440671,537.7867432,305.8640747,0.967553675,319.9896545,321.3298035,0.976060569,435.9387512,331.376709,0.992879808,351.8500366,341.9597778,0.994151294,449.2337646,447.7489014,0.639336705,350.4145203,464.5246277,0.685328186,443.5861816,480,0.058800563,350.8000183,480,0.06327717
99,1.78E+12,5.036,389.1703491,132.3734741,0.997829735,398.9262085,114.3431396,0.986892879,370.9747925,121.6907959,0.994698405,415.4477539,110.6299744,0.646375179,344.3927307,126.6373291,0.939118683,450.3263245,168.7001648,0.996565163,319.7249146,192.2682343,0.997351289,518.8257446,229.2620392,0.971604168,300.7354126,270.521637,0.977320194,542.0372314,297.3250122,0.962170005,325.593811,319.4386597,0.967384636,440.3302002,332.8308716,0.991451442,356.7929077,345.1958923,0.992456913,447.5401001,447.5266724,0.624209583,357.364624,466.9400635,0.647757292,433.8404846,479.0380859,0.058130488,366.4395752,480,0.057208527
100,1.78E+12,5.083,394.5930176,128.2745361,0.997826159,403.9767761,110.7149048,0.984239817,376.50177,117.6074829,0.995265722,418.8539734,108.0810242,0.561829388,348.3816223,122.9000397,0.954448521,452.4182129,167.3634644,0.996747017,321.0803528,189.9052429,0.997559905,521.0812378,227.8309631,0.97076875,304.0276794,270.4489441,0.97850889,548.9227295,294.9029236,0.958987594,335.5506287,318.5332947,0.967160225,441.3474426,333.0260925,0.99220407,357.1029663,345.0914612,0.993282676,445.852356,448.7773743,0.635520518,354.1639099,468.267395,0.662753344,431.4247742,478.8956299,0.059869315,362.2678223,480,0.058240321
101,1.78E+12,5.13,413.6582947,120.8394165,0.998212099,423.1211243,102.9933624,0.982669234,394.5559998,109.5720215,0.996783495,436.2207947,100.783905,0.443542749,364.0100708,115.1754761,0.973478377,460.2286682,160.6147461,0.996362388,334.7744141,184.9942627,0.998109221,526.5303955,218.4627075,0.967367768,316.5272522,275.4624939,0.985033929,569.5612793,273.2480469,0.96061337,359.6545105,323.9365234,0.976303637,442.8860779,331.7492676,0.990118742,363.5525208,345.1152039,0.99284029,441.1896667,443.7380371,0.560843706,361.7088928,465.3977661,0.63005513,423.0693359,474.7702026,0.042907588,365.5971375,480,0.045194846
102,1.78E+12,5.176,418.4744568,119.1611633,0.998164356,427.9833984,101.7155762,0.980006874,399.4453735,107.4559937,0.996952057,440.0681458,100.4300537,0.371023953,367.625061,112.8191528,0.977426529,462.2933044,161.0935974,0.996170819,336.9772339,184.4023438,0.997943461,527.7495728,219.4884186,0.964696944,318.5010986,278.4981995,0.983697951,573.5681152,271.0644836,0.956905663,367.8493652,324.2257385,0.974567354,446.3386536,334.3595886,0.988373876,367.2098694,347.6139832,0.99145472,443.1847534,446.0600891,0.506623387,366.5931702,467.3997192,0.574134946,422.6485596,475.3743591,0.034489021,368.5331421,480,0.035379507
103,1.78E+12,5.223,423.1261292,118.1148071,0.998040617,431.907135,100.8873138,0.975696921,403.7610168,106.9463196,0.996973872,442.3479614,100.0610657,0.2956523,370.6756592,113.4938965,0.979912877,462.868866,159.2765198,0.996039629,340.0510254,184.7199554,0.997693479,527.7369385,216.5810394,0.964993656,324.882782,280.3998108,0.982590258,573.0501709,265.7466125,0.957145631,374.4192505,322.9611206,0.973603785,446.004364,332.5751648,0.988073885,368.7239075,346.5959778,0.990861058,440.9983521,441.9846802,0.514087439,368.2021179,464.6760559,0.571315348,418.0979919,473.0456543,0.035634838,369.1905518,480,0.034954183
104,1.78E+12,5.27,426.3730469,116.4981995,0.998073816,435.4457092,99.9604187,0.972649097,407.8003235,104.7194214,0.997151852,445.0375366,100.0274963,0.248074576,374.2965698,110.3132935,0.982267559,462.7608643,158.8650208,0.996284604,341.3043823,183.1054993,0.997766376,529.3040771,215.0907898,0.96725291,326.1439819,282.1411438,0.983619392,575.9017334,263.2413025,0.961345553,384.3944397,320.7421265,0.976306617,442.4700012,332.2662964,0.989287138,366.0391846,345.8964844,0.991639555,439.0373535,441.1013489,0.558807731,369.709259,463.0862732,0.612847626,413.97229,476.708252,0.041749466,366.8069458,480,0.04014235
105,1.78E+12,5.316,430.1207275,115.6563721,0.998101652,439.5087891,99.40617371,0.973243892,411.6139221,103.6349335,0.997255862,448.9507446,100.2287292,0.244061083,377.9095154,109.4243927,0.982352793,464.7072754,158.1880798,0.996026874,344.3918762,182.9141541,0.997573912,532.6185913,213.483551,0.966451526,329.2052002,283.7735291,0.98263377,577.9136353,259.7164612,0.961613476,391.5192566,317.5063477,0.975975633,443.8925171,335.2069092,0.987666726,367.8546143,349.0830078,0.990169823,443.2760315,439.5149841,0.52675271,373.6282349,461.321991,0.57856828,419.4668579,478.0520325,0.03830862,368.4660339,480,0.03641988
106,1.78E+12,5.362,434.8553772,114.1287079,0.998060763,442.7408752,97.06710815,0.970106959,415.6014709,103.1815643,0.99734062,450.366272,95.89941406,0.223789603,380.6758728,109.6994324,0.985095799,469.0606689,154.7783203,0.996488452,345.1312866,182.5436096,0.997919261,533.8505249,209.5193481,0.967213869,334.9622192,280.5407715,0.984064639,583.017334,258.3125,0.962321639,397.9195251,317.8251648,0.977851331,446.6349792,329.8862305,0.991295099,368.8325195,345.621521,0.993376553,443.9070129,435.2521057,0.664517283,372.08078,461.4647217,0.713856578,414.9378662,472.878479,0.068248376,374.8106079,480,0.065086551
107,1.78E+12,5.408,438.9027405,112.760025,0.997890055,446.8774719,96.47525024,0.965215087,419.5925293,101.7427979,0.997267842,454.1429749,97.51130676,0.179604486,384.3805542,109.5880432,0.985244036,468.0013428,155.9551086,0.995934367,349.006134,181.8740845,0.997362196,533.953064,213.7255249,0.96626538,335.7541199,285.6663818,0.982412577,578.2652588,254.0510864,0.960173547,408.8370972,314.4191895,0.975300908,441.1464233,338.8548584,0.986698091,365.5912781,353.2644958,0.989080131,442.2886963,437.8235168,0.483536273,372.1159363,461.0932007,0.531499743,415.4996643,472.5250854,0.032621052,361.6954346,480,0.029870689
108,1.78E+12,5.454,451.6882019,110.5652161,0.997505009,459.1389465,94.21192932,0.936054289,433.1230774,98.05909729,0.99766469,462.1049194,94.34660339,0.080352522,393.4326172,103.6737061,0.989344895,469.0906982,154.8525696,0.993102908,355.6156616,181.8447571,0.997575819,537.3889771,211.0334778,0.950910926,346.5661011,290.8602295,0.98818469,576.8712158,246.749588,0.958598912,434.3493042,314.0846863,0.985237896,445.1786194,342.8908691,0.98331219,370.4016418,357.4520874,0.989556134,445.9154053,446.7436218,0.527579129,369.9110718,468.3121948,0.628921509,433.2272644,480,0.038527526,359.4122009,480,0.039476905
109,1.78E+12,5.546,458.4537048,108.2913208,0.997667491,464.1064758,91.73677063,0.943471909,439.4221802,97.25758362,0.997146308,463.8014526,90.51794434,0.101268262,399.6172485,104.0650635,0.985880852,473.6270142,148.3372498,0.996096194,364.3537598,177.4502869,0.997156262,532.052002,204.3124237,0.969754159,363.7058105,281.8952332,0.984988451,576.7079468,245.1628723,0.96763736,444.8881531,314.4111938,0.982113302,444.9937744,332.2077637,0.990276337,375.7489014,348.7275696,0.992104173,450.0785522,427.9229126,0.652831435,387.425415,454.7972412,0.695343614,410.6461487,470.815033,0.063835479,376.7489929,480,0.056825206
110,1.78E+12,5.593,459.0813904,108.0100708,0.997900248,465.408905,91.92234802,0.951136887,440.6036682,96.54776001,0.997342646,466.0310059,91.26473999,0.115673013,401.8274536,102.5209503,0.986017942,475.3384094,148.8836975,0.996327102,367.0297852,175.8364868,0.997253835,532.5155029,205.8788757,0.970243394,365.601532,281.8565674,0.984776974,577.8967896,244.5388794,0.966479719,447.1720886,313.9898376,0.980991662,447.6641541,335.0504761,0.989937663,378.62323,350.526947,0.991755247,450.8804016,432.3041077,0.620863676,387.8018799,457.3849487,0.662308037,412.4489746,474.5239563,0.055068947,375.4163818,480,0.0486461
111,1.78E+12,5.639,460.8803711,109.3534546,0.997635484,466.7742615,92.82339478,0.944473863,442.3384094,98.09753418,0.997025073,466.6657104,91.09643555,0.106165461,403.3528442,104.0052948,0.984664619,474.7927246,148.3570251,0.995998859,369.260437,176.9321289,0.996932387,530.6405029,206.2460632,0.969836771,369.2730408,283.517395,0.984084487,576.4300537,244.2400208,0.967033863,450.559021,314.0836182,0.980767667,446.0031128,333.3899536,0.989934742,378.6225586,349.5308228,0.991590977,451.0570374,432.9123535,0.626227498,388.8394775,459.2190857,0.663832486,412.8070984,474.4075928,0.055565011,375.3425903,480,0.048484478
112,1.78E+12,5.685,462.1360168,108.3155975,0.997925282,468.0011902,92.49987793,0.94890511,443.8734741,97.25473022,0.99739182,468.1570435,92.36784363,0.108548284,405.434021,104.0013428,0.98674041,476.9909668,150.2220612,0.996535182,371.1347961,177.1220093,0.997421861,533.5756836,209.4736938,0.971673071,370.9159546,285.428772,0.985904038,578.8083496,244.5237427,0.968142807,454.8757019,313.0610046,0.98222363,448.1473694,331.6854248,0.99086374,380.4211426,346.9882202,0.992551565,451.399231,431.065033,0.653802276,388.6306458,456.1529846,0.694835305,414.0479431,473.2605591,0.061487075,373.999115,480,0.054383744
113,1.78E+12,5.731,464.9269409,108.7710571,0.997940004,470.4794617,93.86320496,0.934231877,446.5762634,98.08015442,0.998004854,469.5919189,95.5037384,0.061198115,406.4576721,105.7704468,0.992335498,474.4683838,151.5310364,0.995885074,367.7153931,179.5475922,0.997615099,533.8590698,211.7764435,0.964170456,363.8506775,293.3721313,0.986747384,580.9918213,244.7567291,0.959719837,458.0664063,309.8135986,0.98167932,446.2625732,336.7816162,0.988855064,377.7764893,352.2867432,0.991617262,439.4981384,441.0044556,0.535651267,378.0027466,466.2384644,0.594342172,404.7337036,477.42453,0.035515245,356.9645996,480,0.031239834
114,1.78E+12,5.777,464.4045105,109.4690094,0.998212814,470.4007568,94.44421387,0.942233086,446.23349,98.42811584,0.998274922,470.3897705,95.86120605,0.064762786,406.4371948,105.3067627,0.992888272,475.1468201,151.8893127,0.996190786,367.8408813,179.4863281,0.997811854,536.8311157,212.1665497,0.965349376,364.0875244,293.3846436,0.987246513,581.8847656,246.6037598,0.961859763,458.2086792,308.7145996,0.982717693,446.5026245,335.7233887,0.989495695,377.4749451,350.9434814,0.99210304,441.2818604,439.8091431,0.566844821,378.526062,464.4249268,0.625242174,408.2660217,477.4202271,0.040663954,357.3838196,480,0.035897013
115,1.78E+12,5.824,464.0501099,108.1751404,0.997823119,470.8634644,93.13275146,0.945748329,446.6853638,96.34312439,0.99723357,471.1637573,94.04779053,0.103451088,408.1075134,101.8879852,0.98615396,478.7033081,151.6573792,0.996562779,370.9088745,176.0268555,0.997349858,534.1054688,210.4352112,0.972793221,369.6460876,283.7744141,0.985626519,579.9597168,248.4497681,0.968527794,452.0995178,310.1817627,0.981848359,448.7285156,333.2202148,0.991446614,379.5128174,347.4943848,0.992834687,452.0762634,434.1844788,0.655040562,388.1642761,457.854248,0.689041376,414.0661621,477.5074158,0.059806123,374.0473633,480,0.051663525
116,1.78E+12,5.87,463.6812134,108.8821716,0.997984886,470.4197998,93.06806946,0.952469766,445.9395752,97.03625488,0.997432768,471.3064575,92.44386292,0.116195567,407.6087036,101.8467712,0.986550093,479.4917908,150.6824646,0.996566296,370.5379639,175.1451721,0.997296274,534.572876,210.1695251,0.97142148,367.0844727,281.1625061,0.984263241,580.9799805,250.5885162,0.966619492,448.1331482,310.6681824,0.98020488,449.2198792,334.1448975,0.990387261,379.4945068,348.604126,0.99183923,452.762085,435.0152588,0.620444775,388.1755371,459.2624512,0.653020263,415.1971741,476.2788391,0.052737352,375.3901367,480,0.045198757
117,1.78E+12,5.917,461.4335938,108.7289429,0.998388648,469.4199524,93.78649902,0.958954275,444.0118713,96.3706665,0.998210549,472.8917236,95.47755432,0.107621051,406.8044128,100.9400024,0.991116047,478.4057617,154.6500244,0.996276796,368.1530151,175.1439209,0.99792695,538.4434814,217.5362854,0.964519441,356.9300842,286.1928101,0.986717582,583.8084717,252.4026489,0.960859716,445.0495911,305.9221497,0.981761158,447.627594,340.6607056,0.988446891,377.1491089,352.7572021,0.991520584,439.8295288,447.5862427,0.518322766,378.5032349,467.6348267,0.582969546,409.1070862,480,0.03335825,360.8780212,480,0.030562731
118,1.78E+12,5.964,460.5298767,106.669754,0.99823916,468.2496338,91.2880249,0.963189185,442.9462891,94.5821991,0.997618735,471.3518677,91.63313293,0.156409577,405.8350525,99.0827179,0.986281812,481.0491638,151.5241241,0.996828973,368.558136,171.3084106,0.997653544,535.6548462,212.9957886,0.971689165,360.1293335,274.3621216,0.98502028,579.8320313,253.6167908,0.966897666,439.1464539,304.4665222,0.980969191,450.6851807,332.2271729,0.991387188,379.0578308,344.6486511,0.992951334,451.2409058,440.9607849,0.640650749,386.9776001,462.2475891,0.677792251,417.538208,480,0.05452814,378.4864807,480,0.048212063
119,1.78E+12,6.011,459.2579956,106.868576,0.997932553,467.6022034,91.01330566,0.949417233,441.2660522,93.71520996,0.998004973,471.5757141,91.47958374,0.09689492,401.8138123,97.46150208,0.990008354,477.9121399,154.4949646,0.99409759,361.2454224,172.0612793,0.997705638,540.4320679,216.9382477,0.954643905,345.8959351,276.2895203,0.98777163,579.4605713,253.8656006,0.958806992,434.7539978,304.1923828,0.984259903,451.322052,343.9052429,0.984304607,373.3803406,354.6671753,0.989613831,451.505249,453.3339844,0.49763456,367.9338379,470.0700073,0.584682465,442.9238281,480,0.031752188,356.4706116,480,0.031154234
120,1.78E+12,6.057,455.8791504,104.8803558,0.99786973,464.5487976,89.67955017,0.950848699,438.2186584,91.72572327,0.997833073,468.82547,91.58059692,0.107389867,399.1177063,96.01113892,0.989187777,477.045166,155.6937561,0.994530618,357.0736084,171.9172821,0.997781932,539.159668,216.5498047,0.958100557,340.8225708,273.6557007,0.987775803,582.0761108,255.2887573,0.960574865,423.84552,303.1886292,0.984051287,451.8143921,343.9183044,0.986522853,372.0582275,354.3921509,0.990912795,453.0031128,453.5805969,0.53526026,367.5421448,470.2089233,0.616652787,442.7412415,480,0.036315598,358.7767639,480,0.035550494
121,1.78E+12,6.149,448.1752014,102.5913544,0.998016715,458.7875366,87.99452209,0.968998432,431.3378601,88.52348328,0.997485757,466.9359436,91.1496582,0.209868148,395.6731262,91.56636047,0.983721137,478.1193237,156.3957214,0.994622946,354.3450012,167.8041687,0.997654676,538.4337158,216.8786011,0.957827568,331.1465454,267.5283508,0.985691369,582.9790039,253.9451599,0.958321929,408.9863892,299.4645691,0.980967045,455.2272034,346.9638672,0.983554125,373.2920532,355.4094238,0.988685966,454.6064758,456.0868225,0.45741874,367.1531677,469.3679199,0.53751725,442.5629578,480,0.027658053,358.0136719,480,0.027924942
122,1.78E+12,6.196,433.342865,95.13743591,0.998111844,445.4302979,82.03585815,0.983620167,418.6247559,81.936203,0.996342242,457.8479309,87.33879089,0.534062028,390.0173645,85.75205994,0.967477441,478.6772461,154.09729,0.996418238,347.2598267,158.1140594,0.998158395,534.0496216,215.1477051,0.967742622,310.9215698,241.9253387,0.984627545,572.3813477,261.4462585,0.960809767,356.8690491,283.6123962,0.976503313,452.6027222,340.0053406,0.991011858,368.4194946,344.5215759,0.993333399,449.5746765,457.3512878,0.525386989,366.5018921,465.4935303,0.585472345,432.6143799,480,0.033214748,367.1786499,480,0.034313817
123,1.78E+12,6.243,430.5311279,93.23461914,0.998254359,442.267334,80.21815491,0.98546356,415.4097595,80.66891479,0.996397674,454.7901917,85.58647156,0.57717973,386.6645508,85.54016113,0.965714097,478.5511169,153.2175446,0.997007787,345.0751343,156.890625,0.99828881,531.8416138,213.3505554,0.972130358,311.2186279,233.8968811,0.984726787,568.7901001,262.1871948,0.965121686,348.5065308,275.9608154,0.978049338,455.1444397,334.8596191,0.993872881,369.776062,339.6554871,0.995306194,453.884613,452.659729,0.684234858,368.3672485,461.662262,0.722905159,438.6607361,480,0.06587521,377.9496155,480,0.066024512
124,1.78E+12,6.29,424.1166382,91.63288879,0.998175502,437.1974792,78.9858551,0.988383353,409.5215454,78.86758423,0.995714247,452.1227112,85.31285095,0.708365142,382.9635925,83.98576355,0.95169574,478.1110229,152.3340454,0.996751785,342.852356,155.5320129,0.998343825,532.7373657,211.6277924,0.969557762,305.5415039,228.5463867,0.984739423,563.5883179,264.4046021,0.962216377,338.116333,266.479187,0.977560043,455.9787903,334.5593262,0.993444204,369.7919006,338.5865784,0.995272696,453.2546692,454.6894531,0.660741687,369.069519,461.8939819,0.71336478,438.1118774,480,0.060605928,379.8605957,480,0.065186948
125,1.78E+12,6.336,420.6862183,91.41253662,0.998091519,434.169281,77.94319153,0.98967731,406.0958862,77.81721497,0.994872749,450.5360718,83.40475464,0.749237239,380.0325928,81.84107971,0.92493099,475.1491699,152.990921,0.996497571,342.7901306,151.2107544,0.998072028,532.8917236,218.8720398,0.972469449,294.2884827,223.1706238,0.984665751,557.0859375,268.2075195,0.968453765,326.362854,266.8782654,0.977980494,451.002655,336.9949341,0.992830813,365.1785889,338.1805115,0.994264305,455.9110107,456.3182373,0.594419718,366.681427,458.007019,0.643884957,448.1386414,480,0.044141576,362.327179,480,0.047823571
126,1.78E+12,6.382,416.2723389,88.67129517,0.997905254,430.5925903,76.08407593,0.99103117,402.181427,75.55023193,0.993587613,448.3103027,83.838974,0.828029156,377.7898254,81.44155884,0.893208325,474.6573486,154.2362823,0.996628702,341.3693237,150.1137085,0.997813463,532.6203003,219.7521057,0.974455059,293.5256958,216.8394623,0.982070327,551.7403564,267.3621826,0.969811559,316.6851196,261.4929504,0.974361241,447.7970886,337.2891235,0.993410408,361.5354919,336.8485718,0.994278312,454.7714233,456.8635254,0.617750764,365.0953979,455.6862183,0.650624156,447.2983093,480,0.04956514,362.6090698,480,0.052687548
127,1.78E+12,6.428,412.0147705,87.22970581,0.997800052,426.8336792,75.58224487,0.991866291,399.1111145,74.37800598,0.992334664,445.1854248,85.02792358,0.870549679,377.1308594,81.12817383,0.861307621,472.8934631,153.657135,0.996329367,341.1443481,150.004425,0.99764508,530.49823,218.4581909,0.974875212,292.2088318,215.7355347,0.981817901,544.5808105,266.1025391,0.969005525,308.0766602,255.9541473,0.972902775,447.8065796,342.4345093,0.991998374,362.4033508,341.545105,0.993110299,451.6746521,465.4716797,0.493478775,363.0172424,463.0147095,0.527726293,445.2221069,480,0.027154956,360.6386414,480,0.029323831
128,1.78E+12,6.475,407.5484924,87.17193604,0.998042345,423.6897888,75.04837036,0.992681324,394.2814941,73.61352539,0.993483245,443.4728394,84.09469604,0.885280013,372.3079529,79.79814148,0.872702003,470.6208801,151.5955353,0.995850205,340.8494873,150.234314,0.997864783,533.4959717,215.6667023,0.970090032,294.219696,214.5843201,0.983014584,536.9363403,269.1055908,0.966176689,297.1223145,250.1113281,0.975963235,447.9020081,341.9943542,0.990433335,364.0067444,341.2469482,0.992813885,448.5834351,464.8563232,0.483712345,361.6102905,461.1572571,0.539948404,447.9051208,480,0.027692813,364.8700867,480,0.031838093
129,1.78E+12,6.521,402.9399414,85.69703674,0.997420788,418.8982544,73.18644714,0.99296546,390.0959778,72.66886902,0.988906503,441.2920837,81.56985474,0.910430193,370.8590698,79.2535553,0.766856074,468.9352417,148.928299,0.995377183,341.4780273,151.3695221,0.996661663,527.513855,214.7842255,0.975023389,294.809082,216.1333008,0.977219343,530.4676514,271.2677002,0.968664765,295.9881897,243.64151,0.967817128,446.6424866,347.7011108,0.987866044,362.3296509,348.4967651,0.988758087,452.7406616,464.4237061,0.436459243,358.8379822,464.6062317,0.454878926,452.2747803,480,0.023485491,353.6748962,480,0.025095014
130,1.78E+12,6.568,389.3587952,80.98849487,0.997430146,406.4654236,69.39927673,0.994406223,378.6015015,66.98643494,0.98482579,430.1799927,80.52235413,0.947350621,363.0502014,73.86410522,0.597035944,459.400177,151.9805908,0.995530665,343.5253601,144.6654053,0.99399215,526.2733765,223.1607361,0.978525341,298.5639343,198.9473724,0.959057033,477.9765015,267.2349854,0.976682961,283.9356689,221.5276947,0.959951937,436.6359253,357.1829224,0.985484898,360.4332886,351.1303101,0.982642174,439.9605408,477.7401733,0.356811911,364.2377319,461.8613281,0.308235437,454.5527954,480,0.015433179,368.9046631,480,0.014000044
131,1.78E+12,6.614,387.4076538,79.40979004,0.997321546,404.4509888,67.79264832,0.994129062,375.9877625,65.34393311,0.983478665,427.8708191,79.63487244,0.941178679,359.2853088,73.11564636,0.573472321,455.6523743,152.0952759,0.995773017,343.2634888,144.1824341,0.992568374,520.2249756,225.388031,0.981141984,300.6023865,199.2313232,0.951352835,467.6260986,267.6427612,0.978727043,284.0038147,219.3183136,0.955865979,434.2256775,359.0047302,0.985945523,359.96698,352.5602417,0.980947316,437.2515564,478.1045227,0.372006208,363.9958496,461.6487732,0.296331882,452.1015625,480,0.016395526,366.5435791,480,0.013630474
132,1.78E+12,6.661,385.4478455,78.64671326,0.996861696,403.3759766,65.96710205,0.99427706,373.8138733,64.82473755,0.978807092,428.9309692,75.8890686,0.957860708,358.0388184,72.07528687,0.493727267,460.7709961,144.8626404,0.995652795,341.2991638,142.0367737,0.994527996,513.4080811,224.5286713,0.981163323,307.1096191,202.7784729,0.963092208,450.0577393,267.8249207,0.979122102,275.6506042,226.8634644,0.959727883,438.3871155,346.6298218,0.990977764,359.3797302,341.5279236,0.988747716,441.8869629,468.4979858,0.499667197,362.9669189,455.713562,0.446553797,442.357605,480,0.026910607,364.3461609,480,0.025447795
133,1.78E+12,6.756,379.7412415,76.71459961,0.997294247,398.2185364,64.37623596,0.994964242,368.6930542,61.71006775,0.981122494,424.2525024,75.78526306,0.963312149,354.2387085,68.8175354,0.464280903,447.9756775,149.4077148,0.994877934,346.296936,140.1184998,0.99393338,503.2419739,231.5798798,0.97929585,305.4051819,198.1606445,0.965142667,427.5305786,263.5252686,0.979754031,274.2396851,218.3244476,0.966417789,428.9112549,357.2868042,0.987941921,359.9666443,348.8867798,0.986015201,435.4180908,480,0.422472447,364.1129761,459.8330688,0.380539894,460.4086304,480,0.020216733,363.2836914,480,0.019748947
134,1.78E+12,6.802,377.7996216,76.61317444,0.997206628,395.7875061,64.03292847,0.994418383,366.9352112,61.4617157,0.980942249,421.7627563,74.19564819,0.95415467,353.2028198,67.36576843,0.46814397,444.1086731,147.7479248,0.994051874,346.2584229,137.477829,0.993125677,491.7071533,232.6549988,0.977341831,307.4160461,197.4442749,0.964169145,417.8727417,260.4977417,0.977662921,273.5874329,216.4921875,0.965529025,425.4571533,355.9491577,0.985804617,358.1502686,347.4376526,0.98390609,434.914917,480,0.376951426,361.8918457,461.6169128,0.341467142,458.5274963,480,0.01642029,358.4257813,480,0.016094076
135,1.78E+12,6.849,374.9476013,76.30148315,0.997182488,392.8389893,63.55851746,0.994836569,364.1850281,61.6116333,0.979099929,419.9996948,73.59405518,0.963046193,352.4754028,67.9770813,0.430132359,441.6671448,147.4428711,0.993760288,351.277771,135.8094788,0.993772566,484.0713501,234.074707,0.976611316,311.88797,193.2853394,0.969256759,405.0097656,256.4934692,0.977933943,278.0464783,210.132309,0.96962142,425.7913513,354.0618896,0.986349881,362.8625183,344.6724243,0.985859334,431.9525757,479.8412781,0.408943146,362.7966919,457.6308594,0.392620772,460.2059937,480,0.019460328,357.8490906,480,0.020586219
136,1.78E+12,6.896,368.8026123,75.06347656,0.99454689,387.0212097,60.32495117,0.99277097,358.1551819,60.48603821,0.942773819,419.3657532,68.10569763,0.954148591,352.8955688,65.32307434,0.257712126,439.1894531,144.602478,0.986894131,362.2767944,131.744873,0.987865031,440.0693359,243.7740021,0.966786385,338.3699036,198.4806976,0.947161436,350.8267822,247.824646,0.971588969,288.3673706,200.9750214,0.955031693,429.0619507,354.5785217,0.975849688,374.2690735,345.4321289,0.974555254,428.9985352,471.6055298,0.368107051,367.1388245,455.7930298,0.3445687,443.3190002,480,0.018653372,368.1212463,480,0.019956987
137,1.78E+12,6.942,368.1428223,75.50817871,0.994993269,385.2297668,62.19721985,0.993053854,357.9510498,60.7979126,0.946585953,412.9313354,70.3228302,0.954354465,349.7420044,65.38168335,0.258067101,429.8533936,142.2060394,0.994064987,357.1264038,131.5333252,0.979993045,439.8752747,238.8141937,0.986402988,333.973175,199.9157867,0.908332705,340.0895386,238.9929352,0.982214153,288.6192932,194.6504822,0.925403416,421.6968689,352.0860291,0.986629844,366.5402222,343.534668,0.974283338,434.3009644,480,0.436952829,364.585968,464.2515259,0.284612268,460.2464905,480,0.01943063,352.9493408,480,0.013738204
138,1.78E+12,6.989,367.1193848,74.29400635,0.993332922,384.4869385,60.88357544,0.991947234,356.8635864,59.38746643,0.922811329,412.337677,68.91903687,0.951979995,349.2755432,63.57374573,0.209222525,426.2492676,139.8582458,0.99385035,360.0050659,130.1602936,0.966746271,431.765686,236.7230377,0.987862468,342.9523315,202.8882446,0.848698854,330.2668152,234.1726837,0.982523203,295.6938477,194.3481445,0.886888087,419.3062439,351.4645996,0.985102534,368.5222778,343.3340454,0.963514507,430.8030396,480,0.430704445,369.7026062,465.730011,0.234669924,455.6595459,480,0.019166918,359.3109131,480,0.011551903
139,1.78E+12,7.035,366.927124,73.27322388,0.992592633,384.1555481,59.78102112,0.991808236,356.5639954,58.74464417,0.908420146,412.0024109,68.64768982,0.954750299,349.7548523,64.07003784,0.187989533,423.8964844,141.3260345,0.993674159,362.9778137,130.3799438,0.961956203,420.0340271,234.5825958,0.988741815,344.2129211,198.59552,0.834059477,319.3575745,228.5058594,0.982419252,293.5058289,191.6220093,0.874305487,417.8824158,356.9769592,0.983213127,369.4968567,348.3447571,0.956708431,428.6750488,479.5628357,0.396153867,365.2229004,460.8546448,0.2005101,455.3538208,480,0.01797252,351.9119873,480,0.010460494
140,1.78E+12,7.081,365.898407,72.83908081,0.991796374,382.6375732,59.43519592,0.991487026,355.9207458,59.18318176,0.894871414,411.4255981,67.58216858,0.956451118,351.5942688,64.66853333,0.172856584,423.561615,138.6552124,0.993011296,365.9945984,129.8563385,0.957327604,413.8813782,233.6722717,0.98788029,348.8017578,202.3117371,0.811864197,311.1334839,225.8182068,0.980483413,296.7894897,193.0030823,0.855994403,416.7389526,350.9144287,0.981253564,371.1092834,343.1972351,0.951341867,428.1615906,479.9638672,0.379146338,372.03302,463.243042,0.189620361,453.1257324,480,0.016353469,360.9595032,480,0.009581234
141,1.78E+12,7.129,366.1043701,73.12750244,0.991257429,382.7483215,59.36663818,0.990693867,355.7381897,59.05462646,0.888038397,411.2545776,66.05189514,0.951316953,351.5005798,62.88702393,0.180374995,420.1016846,136.7027588,0.992353678,369.5382996,126.2298279,0.956731141,403.5827332,233.4100037,0.986890197,351.8852539,199.7769165,0.81071943,304.6901855,224.8121185,0.979064822,296.4542236,192.6777191,0.856054485,416.5641174,348.4968872,0.979997814,376.2401733,340.3884888,0.950353622,422.387207,478.0148621,0.389303565,377.2438049,461.1401367,0.201638684,447.0068359,480,0.017453186,368.1430969,480,0.010463747
142,1.78E+12,7.175,366.1484375,72.56739807,0.991342664,383.0493774,57.57466125,0.991888583,356.7033691,58.45646667,0.864911318,413.5263672,65.02255249,0.957104445,356.6815796,63.0370636,0.142258286,419.4733582,138.5686798,0.989390552,381.2618713,127.5596619,0.962037563,397.2218628,231.0227051,0.985372007,364.2511597,195.9465485,0.850315928,292.2722168,222.0833893,0.984845757,305.7922974,191.2398071,0.910842299,415.0274353,358.6689453,0.977506399,383.2351685,350.7561646,0.95135814,419.0825195,458.8124695,0.493888557,377.3622742,444.8783875,0.29948473,443.0007935,480,0.033882145,367.3544006,480,0.022528339
143,1.78E+12,7.222,365.0478821,70.97325134,0.989778817,383.1228638,57.48092651,0.991504252,355.2532043,56.73460388,0.851291776,414.0293884,66.03549194,0.962191284,353.6580505,61.57951355,0.14094688,416.6029358,136.037323,0.992058575,374.981842,128.0783234,0.941546023,385.6820374,225.081604,0.987145424,350.5760498,207.5732117,0.72342962,284.5209045,210.9668884,0.975375414,280.8802185,205.8717804,0.785759807,414.1444702,347.9660645,0.978963494,379.0568237,340.2750244,0.93909961,418.5612793,474.9963074,0.420533001,377.4256897,458.1056824,0.195393816,445.0247192,480,0.022661878,364.7358398,480,0.012284963
144,1.78E+12,7.269,366.2767944,71.30671692,0.99050504,384.0641174,57.7593689,0.991692185,356.0462646,57.68173218,0.867587328,414.5393066,66.62754822,0.961685002,353.3213196,63.92710876,0.154478371,419.1304932,136.227356,0.992350876,373.022583,130.3900452,0.949150443,388.8499451,223.7865601,0.987994969,350.2870178,209.2939453,0.760901988,285.2128906,207.6820984,0.977138817,281.6401062,205.7856445,0.810726464,415.1663818,346.0287781,0.981969595,375.7833557,339.0757446,0.949624538,424.2240295,476.0412598,0.440751225,370.3335571,460.4689331,0.215257794,454.3093262,480,0.023327351,356.5657043,480,0.01294292
145,1.78E+12,7.363,370.4516602,71.50074768,0.992990255,386.8363037,56.7144928,0.99330759,359.3518677,57.52217102,0.901028156,416.0413208,63.39797974,0.965618312,355.071991,63.46221924,0.176697344,423.79776,133.6782379,0.99403739,377.9561768,128.7002869,0.974315584,397.0270081,219.8497009,0.987568915,352.0523376,209.0735779,0.864459097,296.2739563,203.1081238,0.975183666,286.0309448,215.1914368,0.864281297,414.7513733,346.0622559,0.988209724,372.515686,337.1947632,0.974472821,407.8842773,429.9493103,0.735905051,325.0383911,412.4938049,0.548807621,441.602417,470.2180786,0.135344893,295.7076416,454.5449524,0.090728126
146,1.78E+12,7.409,373.7654114,70.66836548,0.992458224,390.4790955,55.86444092,0.991874874,361.4836426,56.93104553,0.91385752,418.2795105,63.24916077,0.951574624,353.5878601,64.0382843,0.223955572,426.8468933,134.7433167,0.992745817,369.9364014,132.2510376,0.965133667,401.7214661,221.2639771,0.986203194,349.8591614,212.4380188,0.825841069,300.2368774,203.9635315,0.973345876,286.2134399,213.1121674,0.842733681,419.4015808,352.4536438,0.983882427,371.0969543,346.4561768,0.961901128,428.5441284,465.9766235,0.483881712,349.6186829,452.407959,0.275986314,457.1847839,480,0.033475235,329.7425842,480,0.020179156
147,1.78E+12,7.458,375.7564392,70.52056885,0.993487358,391.7466431,55.75881958,0.99277699,364.2674561,56.05929565,0.924065948,418.5610962,62.7144928,0.957942784,356.5280151,62.26849365,0.229558811,431.4301453,132.999588,0.994230032,372.4451904,128.7737427,0.978940785,410.9334412,217.8078766,0.983975112,350.8005066,208.8613892,0.873345554,306.6129456,200.5838013,0.968099594,289.0744629,215.7345734,0.860894382,418.2780457,340.7557983,0.986889601,367.8178406,331.6720886,0.974403977,408.1698303,401.4326782,0.804604471,313.0075684,383.5885925,0.665069699,431.7917786,451.5526733,0.244312376,285.8823853,433.9508362,0.17834416
148,1.78E+12,7.504,378.0671387,69.0785675,0.99343878,394.500824,54.67468262,0.992199957,365.9232788,54.74377441,0.930018008,420.5713501,62.52124023,0.948528647,355.6102295,61.46813965,0.247574553,432.4013672,134.0751953,0.994250655,369.4889526,130.1096649,0.971476495,418.7451782,219.6674194,0.987304628,352.4803467,210.7266693,0.849706292,315.8165283,203.3903656,0.975187302,293.4042969,218.0435638,0.856274426,422.60672,348.7499695,0.98922056,369.1064453,341.2726746,0.974335194,431.5228271,455.4667053,0.648714125,335.6102295,438.6334229,0.427789003,459.2148438,480,0.07309483,308.4352112,475.5970459,0.044204634
149,1.78E+12,7.597,385.785675,65.91030884,0.996419191,401.7861633,52.17402649,0.992531359,373.0614319,52.66500854,0.97589761,426.2890625,61.53359985,0.935182154,358.77948,62.13555908,0.475179076,443.8387451,135.9488831,0.993671656,359.5957947,132.8882446,0.991596878,460.5541382,223.2316895,0.980568111,337.5700073,201.1980438,0.959780276,364.9971313,219.0701599,0.978626251,299.9261475,197.8084106,0.960005999,423.0012207,343.4827881,0.990070164,360.410614,337.6304321,0.987705886,436.9179993,473.1164551,0.54866606,354.2249756,458.7453308,0.486982703,461.8206177,480,0.033955436,343.2655945,480,0.030854965
150,1.78E+12,7.643,386.7229919,65.22743225,0.997033119,402.5626831,51.52333069,0.992668092,373.9286499,51.72445679,0.982298732,426.04953,61.14105225,0.926505923,358.1859131,61.47059631,0.547121704,445.5901184,135.685318,0.993830144,355.3095093,135.1672668,0.993755102,471.7539978,222.6233215,0.978985071,335.1564941,205.7526093,0.97030443,380.9135437,221.8901672,0.978110611,297.6404724,199.8315125,0.96844995,422.8682251,345.8588867,0.989956558,356.6921387,340.934967,0.989156723,437.2164612,473.5527039,0.520348966,350.0538025,460.4915161,0.490532964,459.9403687,480,0.029565185,340.1520386,480,0.028844127
151,1.78E+12,7.69,387.8019104,63.93251038,0.997254789,403.5256348,50.93267822,0.992900848,375.1135864,50.4974823,0.983977973,426.0146484,62.0799408,0.925857127,358.1706848,61.24041748,0.556780279,447.1662598,136.8861542,0.994562447,353.049408,134.5650177,0.994331837,480.690155,221.4382935,0.981029332,331.8942261,202.0916138,0.973585546,397.6001282,223.8239136,0.97964853,291.6932983,203.0242004,0.970591187,423.1768188,345.9912109,0.991339982,353.9181213,340.0604553,0.990540802,438.4776917,466.6276245,0.565244019,340.599762,451.8554077,0.532046497,462.6156921,480,0.037102401,328.0156555,480,0.035678878
152,1.78E+12,7.737,389.1060181,63.10250854,0.997543216,403.7690125,50.5634613,0.993025899,376.6579895,50.30426025,0.986183167,425.0019531,61.76799011,0.920338869,359.2988586,61.54489136,0.588909745,449.1348877,135.9169617,0.995443463,351.6184387,132.7991486,0.995416284,486.6942444,220.8650665,0.982911348,329.4796143,199.8591309,0.978889108,411.0012512,223.7606506,0.980735362,290.8757324,203.2636108,0.974111259,422.1401978,339.0827637,0.993536413,349.6841431,332.5503845,0.993148386,437.7180481,455.9797363,0.670699537,326.2971802,441.1311951,0.647033691,460.9300232,480,0.060073104,307.1427612,478.7402954,0.058366589
153,1.78E+12,7.784,389.7192078,61.46026611,0.997428954,404.256073,49.23257446,0.991793215,376.6335449,49.92375183,0.98829776,426.0300598,61.41821289,0.901424706,358.608551,63.16897583,0.676957726,452.9523926,136.5469055,0.993998051,346.3503113,135.7303925,0.99565047,493.629364,218.4781799,0.974654913,323.3341675,200.4040222,0.979007006,423.5691833,224.9932556,0.973902762,293.4973755,206.2391357,0.973580241,428.2459412,337.3242188,0.988434672,352.8624573,332.9884644,0.989673495,441.1941528,465.3876648,0.547758639,344.1495972,454.1098022,0.567195356,459.5837402,480,0.034263071,340.0332642,480,0.03735761
154,1.78E+12,7.831,390.3813477,61.57267761,0.9979918,405.0609436,49.55836487,0.993047178,377.7062988,49.3613739,0.990571499,425.4356689,62.29771423,0.909307003,359.3869934,62.19180298,0.691619456,452.1994934,136.5931396,0.995028317,349.1878662,134.5986176,0.996523917,502.43927,219.7377167,0.977989376,326.7601929,201.572998,0.983066678,435.3793945,219.7444305,0.978039324,285.9417114,203.0303497,0.978490412,426.9198303,336.4799194,0.991894186,353.8018799,330.7223206,0.992912233,440.4718323,468.6117859,0.553956926,342.3852844,453.9377441,0.575544298,462.022522,480,0.030815203,333.1553345,480,0.033706993
155,1.78E+12,7.877,391.2324219,60.90135193,0.997328758,406.4274597,48.38497925,0.992915034,378.4508972,49.26330566,0.985306263,428.1417236,60.73228455,0.925382972,361.3297119,62.30464172,0.630349517,458.912323,132.9325256,0.995326757,348.9534302,135.7480469,0.996014714,506.019165,212.9496613,0.980139256,331.3672485,203.9552155,0.976373971,443.135376,223.1037903,0.979198575,288.2911987,205.8434448,0.971333385,436.1090698,329.5266724,0.992997885,360.9316711,326.5242004,0.992874146,445.9997864,460.0709229,0.621737957,356.9174194,451.7709351,0.614127219,451.0464478,480,0.04096384,355.1305847,480,0.042328957
156,1.78E+12,7.923,391.8391113,61.62202454,0.997211635,406.7584839,50.17506409,0.992476165,379.8899536,49.74163818,0.985377491,428.2732544,62.71112061,0.924356699,362.8960876,61.50811768,0.656325281,459.765625,136.3881378,0.996395051,344.0094604,134.5330505,0.994739234,520.3555908,207.8098755,0.981703818,312.6743774,199.0573273,0.963711977,479.4566345,209.5720673,0.978972614,293.8361816,204.4084473,0.960438013,434.7796326,333.1577454,0.993006706,357.6916504,329.2774048,0.991366148,439.4507446,469.686615,0.628153861,357.3284302,458.3728333,0.56831491,454.0587463,480,0.042085357,364.399231,480,0.036520574
157,1.78E+12,7.97,393.4277344,61.82798767,0.997160554,407.6903992,50.27612305,0.991921544,381.286377,50.31071472,0.985684037,428.342926,62.1934967,0.918708801,363.956543,62.02842712,0.686008513,460.8316345,135.7241211,0.996665299,343.8120117,134.094696,0.995353937,521.255249,207.3070526,0.981910884,311.67099,198.7193604,0.966800511,485.6132202,207.9416656,0.978671014,296.7214355,203.8291016,0.962168455,436.3527832,330.1546021,0.993600249,358.9904175,326.8270264,0.992314994,440.1887512,463.6795654,0.665302873,359.1991882,453.7503662,0.615212142,452.5832825,480,0.05081737,367.1867676,480,0.04488901
158,1.78E+12,8.016,394.1786194,61.26901245,0.997132182,408.6261902,50.09866333,0.992047191,382.0927734,49.770401,0.985715449,429.1583557,62.89216614,0.918649375,364.6585388,61.84622192,0.693300188,461.1327209,136.0269165,0.996643424,342.7461548,134.3970947,0.9952631,521.1934814,204.6620789,0.982059836,310.8074951,198.3735809,0.966221988,496.9805603,206.0521698,0.978284419,297.663208,203.5510559,0.960922122,437.8179932,328.8534546,0.993414104,359.5273438,326.1845703,0.992001057,443.8716736,460.0420837,0.65821749,360.2024536,451.727417,0.60658288,454.0736694,480,0.050434653,367.5250549,480,0.044358708
159,1.78E+12,8.063,394.7999268,60.89425659,0.996806145,409.1000366,50.08407593,0.991627455,383.0548706,49.66249084,0.984037042,429.3037109,63.31277466,0.920632482,365.9088745,62.00978088,0.680274725,462.5054321,135.7261505,0.996694446,342.0557556,134.168335,0.994650781,522.8607788,202.3118896,0.982314467,311.7196655,196.6936798,0.960602164,501.3119507,204.5968628,0.97743237,300.6622009,201.8788605,0.954035938,438.1855774,326.3684692,0.993435383,358.4733887,323.8526917,0.991448939,445.1664429,456.1390686,0.671134293,358.5858765,448.5306396,0.605737209,453.0862732,480,0.055266257,365.913147,480,0.046676386
160,1.78E+12,8.109,395.6556396,61.13031006,0.996741354,409.7523193,49.77891541,0.991045892,383.3189392,49.93452454,0.985084474,429.7574158,61.84216309,0.912324131,365.7052002,61.75991821,0.712077916,463.3074341,134.5315399,0.996297657,342.2971191,132.5203247,0.994746387,521.5946655,200.5705872,0.978602171,313.1189575,192.8600159,0.960852027,506.1260376,201.6565704,0.972551525,300.5061646,200.6432495,0.951767325,439.1500549,326.6029968,0.99256587,359.401001,324.1698914,0.991034925,445.4656372,456.4014893,0.638834655,359.7399292,449.7123108,0.590213835,450.7135925,480,0.049915019,368.0602722,480,0.044029657
161,1.78E+12,8.155,396.2913818,61.17492676,0.996811688,410.5158997,49.98887634,0.991441011,384.202179,49.98373413,0.9857108,430.7530823,62.26467896,0.916172445,367.0889893,61.72503662,0.720830321,463.7131958,134.7294922,0.996061265,342.0306702,132.8234863,0.995117664,521.0014038,200.6605988,0.976496637,309.7740173,195.0559998,0.963033915,510.4203186,201.3431091,0.970142305,300.5765991,202.1962891,0.952937722,439.7170715,325.000824,0.992078245,359.6131592,322.9619751,0.991040885,446.4739685,454.6909485,0.631991506,359.724762,448.7375488,0.597701848,451.5832825,480,0.050254952,367.252533,480,0.046222448
162,1.78E+12,8.202,396.6071167,61.13175964,0.996645272,410.3907776,49.96160889,0.990892887,384.462616,50.16874695,0.985096753,429.9467163,62.22270203,0.91292572,367.3166199,62.2514801,0.734277904,462.7106628,134.5857544,0.996204674,341.5247498,133.8666534,0.995143771,520.0353394,199.501358,0.977153778,308.5843201,196.9859161,0.96234405,514.1928711,201.8327179,0.969887555,301.5656738,203.1987305,0.951386273,438.4318848,324.7721252,0.992186904,358.8595581,323.4720154,0.991009355,444.1916809,454.1103516,0.630229414,358.3788757,449.8625183,0.59143424,448.4903259,480,0.04937727,365.4747925,480,0.044604495
163,1.78E+12,8.248,396.8521729,61.16790771,0.996451259,410.7183533,50.39682007,0.990960658,385.0748901,50.2802887,0.983909547,430.1603088,63.04212952,0.916104615,368.357605,62.28289795,0.721524775,461.9016724,134.1891479,0.99612242,341.1654663,133.7932587,0.994618893,517.8446045,196.041748,0.977693379,307.4629517,195.1208496,0.958159208,518.3916016,201.4854126,0.969450116,299.9349976,201.2582092,0.946428657,438.1760864,323.3892212,0.991926253,358.8741455,322.6553345,0.990205467,445.57547,450.388916,0.629318714,358.960083,447.5032654,0.578380644,448.9980164,480,0.050841458,366.002594,480,0.044514764
164,1.78E+12,8.34,399.2062988,62.13406372,0.996408522,413.2171021,51.47016907,0.99059099,387.7154541,50.5625,0.985064805,432.0251465,63.26333618,0.897214532,370.0961304,60.57914734,0.758796096,459.2134399,132.7131653,0.995690525,336.6008911,133.7447052,0.9945485,504.2593689,192.5042877,0.975110114,299.0878601,200.916748,0.956061542,519.5514526,195.6437836,0.963735163,299.0402527,202.5631256,0.94225657,437.9905701,318.5137939,0.992011726,356.7710571,320.1039429,0.990457654,449.5739746,447.831665,0.655899525,356.2594604,449.7479553,0.605507255,450.8692932,480,0.059767988,362.7294312,480,0.051501036
165,1.78E+12,8.386,399.3195801,61.94213867,0.996549845,413.339447,51.0868988,0.990746498,387.4746094,50.47148132,0.986001134,432.2798462,63.00430298,0.898666918,369.7027893,61.09036255,0.774477959,459.6483154,133.0756226,0.995548368,336.0664063,135.059433,0.995247543,503.1248779,193.8569794,0.973549068,298.5355835,203.6968384,0.961935103,520.1877441,195.8839111,0.962145269,299.3717651,203.2615356,0.947874188,438.4148865,319.5671997,0.991535544,356.7378235,321.6951904,0.990737617,449.377594,447.8237915,0.630332887,356.3444824,450.9343567,0.598813355,449.6231079,480,0.053412493,363.7435913,480,0.048596192
166,1.78E+12,8.433,399.4168701,62.2328949,0.996593297,413.0178833,51.65061951,0.99037689,387.8212891,50.91517639,0.986285865,431.2504578,63.55751038,0.891805768,370.0767517,61.35899353,0.786258519,458.6828918,132.7855682,0.995726585,336.151062,134.6261902,0.995625854,501.4746704,192.5900726,0.974793613,297.8110657,202.1530151,0.965896606,518.7791138,195.6936646,0.963926077,300.6716919,200.9874725,0.952855468,438.9666443,318.4898376,0.992192328,357.875061,320.6700745,0.991650343,448.4651794,446.1529541,0.650298357,355.5417786,449.4346008,0.623534679,447.8930969,480,0.057112735,361.3330078,480,0.05244058
167,1.78E+12,8.479,398.1020813,61.91952515,0.996548831,411.8045654,51.28012085,0.99073571,386.4212952,50.78678894,0.986056566,430.5476379,63.30029297,0.901286602,369.1081543,61.72071838,0.78172195,458.0132446,132.3723907,0.99551779,335.3510132,135.2675323,0.995761454,498.9785461,191.6030884,0.973489404,297.2805481,202.8209534,0.966848075,516.9732056,195.4629974,0.961843312,300.3348389,201.4913025,0.952796698,438.4208069,318.2848511,0.992108762,356.9561462,320.960144,0.991865814,448.827179,445.9968567,0.646800995,353.662262,450.2900085,0.62808311,449.1273804,480,0.057470351,359.8249512,480,0.054216661
168,1.78E+12,8.526,397.4620361,61.84692383,0.996429384,410.8023376,51.26167297,0.99009937,385.3774414,50.97224426,0.985844731,428.6713562,63.4974823,0.893308401,367.0646057,62.51905823,0.792667329,456.2156982,132.7616577,0.995866537,333.3277588,135.9362335,0.995577455,497.9880066,190.3446655,0.975488603,295.7428284,201.6239929,0.964238524,516.1314087,197.3387146,0.963918507,298.7870483,203.3704071,0.950869977,437.0170593,318.0195923,0.992964983,355.8709106,321.0155029,0.992256999,447.7288208,445.8315125,0.679324269,355.2429504,450.6630859,0.647423387,447.7883911,480,0.06544587,363.2935181,480,0.059054501
169,1.78E+12,8.572,396.1168213,63.32807922,0.996558368,409.5089722,52.61404419,0.989964664,383.9382324,52.01713562,0.986429811,427.0066223,64.22958374,0.876761794,364.6172485,62.54171753,0.79798609,452.9604492,132.5551453,0.995920777,330.4168091,136.5009766,0.995219409,494.5205383,190.1481628,0.976839364,292.7805481,204.1970673,0.961951554,513.8258667,198.6830139,0.965358615,295.1328735,204.2123871,0.950015008,435.1746521,317.967041,0.992920697,354.045105,321.540741,0.991781175,446.7666626,445.7045898,0.678557575,353.4719238,451.372345,0.633013725,447.2325439,480,0.064322762,361.1920166,480,0.055399418
170,1.78E+12,8.618,392.4197998,64.48344421,0.996041059,406.0418396,53.79751587,0.990146935,380.7062683,53.12989807,0.982632875,424.4945374,65.26679993,0.898315072,362.5942078,63.23855591,0.758719802,451.7670593,133.434967,0.99624455,327.1340942,137.5494232,0.994519174,493.0914307,189.7151337,0.97946769,288.1053772,203.9239349,0.954360127,513.4819946,201.9740448,0.967008591,293.7846069,203.853775,0.941154301,433.7506409,320.4107971,0.993523002,351.1225586,324.2376099,0.991549492,445.7742615,448.6048279,0.684859812,349.9163208,455.076416,0.613618851,446.0434875,480,0.065179743,358.2065735,480,0.052634906
171,1.78E+12,8.664,380.0757446,66.42694092,0.995894074,393.5269775,55.84242249,0.989549518,368.1194153,54.80075073,0.983234882,411.3510742,67.08145142,0.878559113,348.4506226,64.0941925,0.767728925,439.239502,134.625,0.995917737,313.3876953,137.6051941,0.993300676,481.2119751,190.7741852,0.976717234,274.0718994,203.0274353,0.941913605,499.1758423,206.5253906,0.962255239,280.2196045,208.0464172,0.93113929,427.6934509,317.6035461,0.99306035,344.2507324,321.7704163,0.990407288,445.8532715,442.243042,0.728702664,347.8867798,448.3053894,0.649751425,448.7770996,480,0.090514399,359.6609497,480,0.07062301
172,1.78E+12,8.71,376.6730347,66.24371338,0.997024477,390.431427,55.37097168,0.990834177,364.973175,54.21420288,0.98888129,408.0872803,66.27601624,0.863156736,345.4408569,63.01777649,0.813793123,433.698822,131.2161865,0.995417953,310.0969238,137.9481812,0.995718539,472.211792,189.91745,0.974292278,270.8056641,210.5449829,0.967466056,491.271759,203.9415894,0.958503425,271.9069519,208.6609802,0.95332998,426.9945068,316.8022766,0.992817402,342.8711853,322.7167969,0.992311895,454.1528931,445.882019,0.64887017,346.0559692,454.0627441,0.625432372,458.9648132,480,0.057224631,347.4354858,480,0.052855402
173,1.78E+12,8.757,374.721405,66.11894226,0.997078776,387.5170288,55.24003601,0.990565419,362.6010742,54.87573242,0.989144385,404.1330872,66.0022583,0.853690922,342.6951294,64.70092773,0.826297581,430.2698975,130.4038544,0.995719016,308.2150269,138.564209,0.995953083,467.0741577,186.8983917,0.976860762,267.9785461,208.3480682,0.970183611,489.0256653,204.6177368,0.961371124,269.394043,208.9458466,0.957369149,427.0808716,316.2825928,0.993731678,343.90979,323.4171143,0.993227541,457.0223999,445.0535889,0.668414831,349.0001831,455.4313354,0.644179881,462.9290161,480,0.060221158,350.1863403,480,0.055316135
174,1.78E+12,8.803,373.2877502,65.79257202,0.997177839,385.8688354,54.94166565,0.989909172,361.3252869,54.34515381,0.990388215,401.8185425,65.3757019,0.831163645,341.1097412,63.39154053,0.856845915,427.4627686,128.7746277,0.995553553,305.5168457,137.8634033,0.996581018,463.713623,186.1158447,0.973538339,264.3148193,210.8665161,0.974022925,487.1738892,204.95047,0.956546962,272.9614258,208.0343781,0.961701334,428.7819824,311.9888306,0.993568242,346.1678467,320.2818909,0.993761122,459.625061,438.8023376,0.694315553,355.0794373,450.6532288,0.694104731,464.5522461,480,0.071490213,357.7918091,480,0.070064262
175,1.78E+12,8.849,370.8719788,65.35676575,0.997180462,383.6295471,54.52726746,0.990208626,358.7530518,54.03945923,0.990515113,400.0324402,65.08613586,0.83557415,338.7000732,63.3352356,0.85542053,426.4524536,127.2706146,0.995398819,303.2357483,137.2013092,0.996564686,461.4052734,182.0060272,0.972164273,263.0233765,208.4865723,0.974083781,486.6275635,202.3571167,0.952726066,272.3093262,207.3339386,0.960560024,429.7986755,311.2073975,0.993543863,346.1358643,320.2176514,0.993856847,464.6891479,435.3252869,0.696561277,357.6549072,448.2571716,0.703399062,467.0608521,480,0.076178856,359.1197815,480,0.076562971
176,1.78E+12,8.895,369.5394592,64.81098938,0.997069836,382.178894,53.71633911,0.990252972,357.3834229,53.36830139,0.989738286,398.7857056,63.77592468,0.837305069,337.4478455,62.19992065,0.84398818,426.1670227,126.5812531,0.995602489,301.276886,134.4225006,0.996002018,458.5108032,183.0802002,0.973619699,259.233551,206.0243225,0.969663203,485.2822876,200.9334106,0.952303171,269.264801,208.7967529,0.954495132,428.07724,309.7438354,0.993569732,342.5749512,318.0291748,0.993301749,465.6680603,433.7612,0.701939642,351.3591919,446.0820007,0.691052914,467.9491882,480,0.07853236,349.675415,480,0.074617788
177,1.78E+12,8.941,367.8093872,64.4471283,0.996817946,380.3677673,53.52166748,0.990460575,355.9794006,53.23487854,0.987756371,397.0207214,63.8037262,0.859878302,337.0060425,62.45983887,0.820194662,423.990509,125.5655823,0.996224284,301.3746948,135.1581116,0.995935321,456.6766968,180.6886902,0.978195548,259.4313965,206.080719,0.967588484,485.2570801,204.6602936,0.960273564,269.2633972,207.9788361,0.954510748,426.5777588,302.5088501,0.995148838,343.5645752,311.8840942,0.994408369,465.3453979,422.2423096,0.810383737,358.4165039,436.4689331,0.788492322,466.5968018,480,0.143049911,359.5307312,480,0.131273344
178,1.78E+12,9.034,365.9020996,63.20344543,0.996592581,377.8158264,52.45275879,0.988871634,353.9225159,52.24610901,0.987750351,392.8508911,63.07034302,0.84785825,335.04422,62.01182556,0.858730078,419.6631165,124.8188629,0.996678948,300.0815735,134.6593018,0.996686995,457.5693054,182.7928162,0.978508115,260.6437988,206.1255341,0.97086978,498.0846558,221.6424866,0.96798259,275.8673096,207.5889587,0.964260042,419.6100464,286.6354065,0.995915711,342.9432373,296.2337646,0.995532632,441.6817017,399.7487183,0.910881639,361.7207031,416.2707214,0.903386354,429.8392639,476.5568237,0.309602559,368.7200012,480,0.294721782
179,1.78E+12,9.08,366.1837158,64.25656128,0.996285796,378.3054504,53.27357483,0.988206923,354.3557129,52.90885925,0.986653507,393.2979126,63.16374207,0.839065373,335.3762207,61.67715454,0.853184342,419.3303833,123.7753754,0.996550322,298.7098389,134.8780365,0.996031821,455.4884949,182.9355469,0.977943778,260.6533508,209.1271973,0.964098871,497.0213318,224.7615051,0.966549098,277.4428101,206.7185364,0.958062112,417.1990662,283.327179,0.995342016,340.3505249,293.6388855,0.994499445,438.5748901,393.973053,0.910892725,361.206604,412.3819885,0.896909714,421.6342163,474.8267212,0.319687933,368.6968689,480,0.292956263
180,1.78E+12,9.126,365.8505859,65.90060425,0.996733427,378.4150391,54.58731079,0.990404248,354.1677246,53.71157837,0.986239135,394.1169128,63.75416565,0.87485224,335.7698669,61.36915588,0.830800474,418.6943359,125.1882629,0.997417688,300.3775635,134.9772339,0.996780396,452.2278748,185.7446289,0.983207583,261.7566528,209.5782166,0.968367994,493.704071,230.1169739,0.97456634,273.3911438,208.4827118,0.964326739,412.8375549,279.1272583,0.997434914,337.7249756,288.4811096,0.996788502,434.6161499,388.2746887,0.946777523,359.2110596,405.6125488,0.934135497,417.8987732,470.3833923,0.447220206,367.5151062,480,0.408622175
181,1.78E+12,9.173,367.0863037,65.91046143,0.996055245,379.4009705,54.3896637,0.987430453,354.7515869,53.86413574,0.986968338,393.8558044,64.25660706,0.810014248,334.9367981,62.38566589,0.856175065,418.6263733,124.396286,0.995591402,298.6876831,132.8260498,0.993880987,452.632019,188.0107727,0.971155167,260.4385681,208.9279175,0.945678055,494.5921631,231.2142334,0.959428012,275.9926758,209.7762146,0.944821477,410.8033752,272.6241455,0.991828859,334.8439636,281.8415222,0.989601076,434.6490479,371.3709717,0.909336269,357.170929,389.1741943,0.889713228,410.8622742,470.7174072,0.36686486,359.328064,480,0.326896489
182,1.78E+12,9.219,367.0803528,65.99682617,0.996091902,379.695343,54.30114746,0.987698793,354.4109802,53.80674744,0.987221181,394.4121399,64.63964844,0.821060836,334.7529297,62.97221375,0.858504474,418.4719238,125.2589722,0.995382249,299.1062012,133.1569824,0.994196773,452.4476318,191.0494995,0.969222128,260.321167,209.2892761,0.949280024,492.785614,236.3751068,0.95891875,276.0722961,208.997818,0.949064672,407.2359924,272.8455811,0.990486801,332.1557922,281.7635498,0.988548934,432.2319031,362.7421265,0.908241153,357.5322876,380.4067993,0.894841552,405.8334045,466.9515381,0.384860873,358.8718872,479.8208008,0.355588585
183,1.78E+12,9.266,367.6746216,66.10429382,0.996106207,380.5535278,54.29588318,0.988069236,354.9787903,53.53369141,0.986425519,395.2755737,64.71928406,0.833482981,335.2749329,62.50836182,0.8498106,417.7095947,125.0986023,0.99594146,299.3125916,131.7149963,0.994530022,449.8481445,193.4927216,0.975698292,260.4819336,208.3404388,0.954823434,490.7387695,242.6799927,0.968581796,276.5154419,209.1704712,0.957309246,404.5942078,270.3273621,0.991899371,329.5674744,278.9343872,0.989732444,433.3753662,349.7291565,0.934976399,354.117157,367.4137878,0.921885729,409.8264465,461.8925781,0.49036631,355.5322266,474.8425903,0.452854991
184,1.78E+12,9.312,368.4562988,66.77810669,0.996034086,381.7398987,55.35325623,0.98897469,356.3764343,54.24667358,0.985301673,396.6224976,66.04608154,0.845416069,336.6709595,62.98429871,0.815800786,416.8527832,125.2824707,0.994781554,301.3722229,130.793808,0.992863476,448.2216187,196.614563,0.97439158,262.552124,205.0989685,0.946278334,482.0244751,254.5415955,0.964618742,272.3631897,207.4570618,0.948321879,407.2887878,272.0857239,0.988764524,332.1548767,280.0953674,0.985227704,439.0009766,361.0322571,0.879864991,351.1590576,377.171936,0.848613858,436.4356995,470.3056641,0.302207053,361.3110046,479.8658142,0.263715863
185,1.78E+12,9.359,368.2210693,67.30435181,0.996170938,381.6495972,55.91165161,0.989523947,356.4577637,54.74339294,0.984859765,396.9502869,66.18048096,0.851100326,336.9191895,62.8052063,0.802516758,416.3311768,125.4445648,0.99519676,300.7552185,130.8632507,0.99303329,447.8128052,197.7557678,0.978507042,260.6774902,205.770752,0.949246585,481.1733093,256.9709473,0.969082177,272.5037842,206.515625,0.951085567,407.7406311,274.5080261,0.990380645,331.7879028,282.7226868,0.986765385,442.1041565,371.7789307,0.867802918,351.0828857,388.0143127,0.82674551,446.2175293,474.8154297,0.25115791,362.8839722,480,0.211560488
186,1.78E+12,9.452,368.1987915,66.84527588,0.996237755,381.5782776,55.72102356,0.990267098,356.6688538,54.64364624,0.983625829,396.9549866,66.14059448,0.869785309,337.3160706,63.12954712,0.775387168,415.6206055,125.1282959,0.995741725,301.242981,130.6178284,0.993289769,446.8467102,195.480896,0.982934892,259.862793,203.0359802,0.951877415,476.8174438,255.3569946,0.975381672,268.2286987,207.5299683,0.954864979,407.10495,274.1256409,0.992704511,331.6104431,282.1628113,0.989292741,440.9547729,374.3746033,0.892634034,349.262207,389.8065491,0.848415852,453.5326843,476.0933533,0.283282608,366.2907104,480,0.232585102
187,1.78E+12,9.498,368.4703369,66.25990295,0.996256709,381.6396484,55.23323059,0.989995956,356.6777649,54.29792786,0.983650029,396.4444275,65.87562561,0.863101602,336.3244934,63.27340698,0.777718902,414.988739,125.6370544,0.996192813,300.1039124,130.4848633,0.993295372,446.6322021,195.6843109,0.985048711,259.5983887,201.2822571,0.951162755,477.1691895,255.7343597,0.977774858,264.4368896,209.0326233,0.954753995,406.335144,273.6108398,0.994099617,330.4245605,281.3789368,0.99077177,441.0408325,375.7106323,0.911712587,347.8803101,390.716095,0.866886914,456.4567566,474.9938965,0.322731078,367.5334167,480,0.258322001
188,1.78E+12,9.544,368.4971619,65.82325745,0.996218264,381.5851746,54.88938904,0.98995322,356.8814697,53.9200592,0.983202934,396.342926,65.38734436,0.862072706,336.5534363,62.72372437,0.771036446,414.914978,124.4849243,0.996201336,300.4696655,130.5140991,0.993153572,446.1156006,194.2916565,0.985632896,261.4987793,202.6966248,0.951102614,475.0153809,255.0856781,0.978177071,267.3440552,209.824707,0.95419991,407.7749329,273.9359741,0.994079351,331.6411438,282.0845642,0.990606546,441.3414917,378.0614319,0.902668476,346.3785706,393.4834595,0.851335764,457.602356,474.5710449,0.290815026,365.3841248,480,0.227891386
189,1.78E+12,9.591,368.5882568,66.1985321,0.99624455,381.9012756,55.32933044,0.990048528,357.0712585,54.12013245,0.983426332,397.0374756,65.84153748,0.866561592,336.907135,62.5280304,0.772865057,416.0078735,126.1948547,0.996311724,300.9644165,131.0405579,0.993584931,447.7062988,195.8223114,0.984770477,261.6100159,201.3760986,0.951288104,475.1116333,254.7001648,0.976901233,266.7020569,206.9425507,0.953362048,408.3383179,277.3425293,0.99471128,332.4504089,284.8361816,0.991801918,439.8500366,383.8692627,0.912715852,349.3374329,398.1329956,0.868849337,453.3399048,476.8106384,0.319232106,369.0465393,480,0.256181747
190,1.78E+12,9.637,368.974823,65.01469421,0.996236801,382.0463562,54.03607178,0.99003464,357.3048096,53.15367126,0.984055758,397.0678101,64.66392517,0.863123536,337.0252686,62.19281006,0.778075635,417.4006958,125.532196,0.996042848,300.6277161,131.0410309,0.993004858,449.8954163,196.3808899,0.982906282,261.3375549,202.5221863,0.945340872,475.6635742,256.427002,0.973477006,263.0411682,210.0858459,0.94664973,407.5969849,276.0280762,0.993820846,330.2417908,283.5075684,0.990385652,440.8175354,382.0708618,0.901779771,345.2721863,396.5209961,0.853042483,452.975647,476.267395,0.300133526,362.3200073,480,0.238343328
191,1.78E+12,9.684,371.2196045,64.05918884,0.996688426,384.0924072,52.58259583,0.99000448,359.2233887,51.98353577,0.986561,399.287323,62.58406067,0.84738338,338.5670776,60.64454651,0.807466507,421.7722168,125.7253113,0.996198237,302.8913879,131.9104919,0.994449377,455.9814453,199.4787903,0.982303858,265.5436096,203.8858948,0.957367897,478.628479,260.599823,0.972913504,267.4171753,206.2953491,0.955881655,413.2996826,284.9742737,0.994013846,334.5136719,292.5423584,0.991661787,445.5334473,394.8736572,0.872777283,350.121582,409.5977173,0.829289854,452.0688171,480,0.221621603,363.0944824,480,0.18241784
192,1.78E+12,9.73,371.323761,64.50593567,0.99657613,384.6210938,53.12583923,0.989655852,359.3144836,52.10960388,0.986560762,399.8520508,63.49693298,0.840479553,338.2333984,60.59318542,0.809512436,421.6583862,126.0579834,0.99606508,302.594574,132.0482483,0.993947506,457.0549927,199.3460083,0.980918467,267.4308777,204.3816071,0.951967835,479.663269,260.7478638,0.970124364,268.3577576,206.243988,0.950022638,412.67276,283.6448364,0.993739724,333.8245239,291.0756836,0.991073787,446.2828064,391.8328247,0.879570842,351.1734314,406.1874084,0.835968614,451.7800293,480,0.2452849,364.341095,480,0.200886518
193,1.78E+12,9.777,372.0429077,65.0115509,0.996576965,385.1375732,53.55906677,0.989724517,359.9955444,52.76531982,0.986134946,400.3375244,63.45062256,0.838819385,338.7806702,60.98571777,0.801202953,422.257782,126.2484741,0.99626559,302.9998779,131.397644,0.993596077,456.1436768,200.1324463,0.982696176,265.5028687,203.017395,0.949770629,478.5788879,260.7209167,0.972130775,264.6773682,207.7774353,0.948792875,413.8417053,284.3940125,0.994151056,334.5743713,291.5808716,0.99113816,448.3729858,395.6435242,0.87672013,351.2147217,409.5891724,0.823173285,455.8266907,480,0.229722396,363.9402161,480,0.180748373
194,1.78E+12,9.823,372.2229309,65.28430176,0.996613681,385.3772583,53.91925049,0.989836156,360.2135315,52.96392822,0.986233354,400.7380371,63.85313416,0.842971981,338.983551,60.94706726,0.804613471,423.3490295,127.8194733,0.996446669,302.524353,131.9849091,0.994019747,456.8696289,201.4658508,0.982755899,264.1557617,203.1741028,0.95101732,479.7111206,261.6483459,0.972249866,265.1020203,210.4714661,0.949733794,415.8586426,287.9719543,0.994615376,336.0747375,294.8721924,0.991931856,448.9275513,400.5757751,0.879766524,354.4349976,413.8578186,0.828792572,454.9761963,480,0.232024029,369.236908,480,0.184084535
195,1.78E+12,9.869,372.8226318,65.03996277,0.996561348,385.8435669,53.84944153,0.989792228,360.8745422,52.91014099,0.986533523,400.9258423,64.22711182,0.844498873,339.7267456,61.41099548,0.810599864,423.4982605,128.5476074,0.996236503,302.5489807,132.6698456,0.993980765,459.1577454,201.8190613,0.980610967,263.3444824,203.8201599,0.948264539,482.3084106,263.3357239,0.96886158,266.2309265,212.0646057,0.945886314,414.6304321,287.8338318,0.994131863,335.1351624,294.7065125,0.991432548,447.9681091,397.1295776,0.88282907,354.8694153,410.2181702,0.836921573,455.4173584,480,0.254170567,371.3445435,480,0.206135571
196,1.78E+12,9.915,373.4026489,65.89279175,0.996551514,386.5035706,54.6968689,0.989616632,361.2018433,53.73492432,0.986454308,401.6263428,65.27642822,0.840663612,339.5240784,62.45742798,0.81088376,424.0905762,130.5850525,0.996368885,302.633728,134.1974792,0.99388653,459.1471558,203.1165619,0.981598258,264.3726196,203.8181305,0.94800061,482.9719849,264.2166748,0.970154285,265.6021423,213.0567322,0.946014941,414.9067993,290.9017334,0.994271159,334.9771118,297.5272522,0.991417766,448.4946289,401.6097107,0.871859729,355.0822144,414.4546204,0.818895221,454.7597351,480,0.226723358,371.085083,480,0.179754347
197,1.78E+12,9.962,373.8558655,66.26765442,0.996793211,386.7654419,55.10900879,0.989924252,361.9411011,54.22663879,0.987376809,401.9911499,65.529953,0.846915066,340.8861389,62.92178345,0.820970118,425.3801575,131.0595093,0.99635458,304.4968262,135.8665161,0.995112121,461.4277344,203.5902405,0.98108232,265.5204468,206.5112,0.958943009,483.6289063,264.5730591,0.970300972,265.736084,214.3283081,0.955009222,417.9578247,292.2518311,0.994248986,338.4177551,299.0854797,0.992336571,448.5358887,406.6144104,0.852931619,356.1678162,419.4483032,0.810344636,456.0202637,480,0.187411457,372.7336426,480,0.156610295
198,1.78E+12,10.009,373.9391479,67.20779419,0.996515155,386.6659241,55.59416199,0.9898085,361.729126,55.38316345,0.985930562,402.2430115,65.09068298,0.853485703,340.9450989,63.94523621,0.805239797,426.4109497,131.0505524,0.99641645,304.1704407,135.5697021,0.994289279,461.1086121,204.7251587,0.981494784,264.3152771,205.2757874,0.950766385,483.8545837,265.7120972,0.969531119,265.0848999,214.5181427,0.946866035,416.2769165,293.7064514,0.994102776,335.9987183,300.533783,0.991428077,448.6002808,406.6037903,0.849601626,355.4646912,420.0474854,0.794342518,454.180542,480,0.187896535,371.3757935,480,0.150350362
199,1.78E+12,10.055,375.2993469,69.51609802,0.996450424,389.0836792,57.97833252,0.99010694,363.2946472,56.96154785,0.986143529,405.5169678,67.50056458,0.858728588,342.3346558,64.34884644,0.803065121,428.4895325,132.7725525,0.996202886,304.1168518,136.641571,0.994052589,462.7169189,205.9263,0.979153097,265.3410034,207.0600128,0.945757926,486.6146545,268.7932129,0.964390814,265.128418,216.3366394,0.938854635,416.7577209,296.2895813,0.994152367,334.8635864,302.7241211,0.991524637,450.2083435,409.8226318,0.854401588,354.1514282,422.656311,0.801365674,453.3197021,480,0.205447808,368.9542847,480,0.165566608
200,1.78E+12,10.101,375.6031494,69.17416382,0.99665302,389.0898743,57.44181824,0.989947021,363.2142639,56.76332092,0.987301469,405.2028198,67.0615387,0.849753201,341.9827271,64.85643005,0.81911999,428.3703308,133.0558929,0.996073961,305.5215149,138.3000183,0.99467504,463.7183228,206.017395,0.978297412,267.2028503,208.4789124,0.95307678,487.7565918,268.5978699,0.964460909,263.2714844,215.7736053,0.946596146,418.0794678,298.138916,0.993584573,337.5184021,305.0372314,0.991398096,450.2603455,411.3127441,0.828593373,357.7834167,424.79422,0.781705916,452.0074158,480,0.169129252,371.8880615,480,0.140969753
201,1.78E+12,10.147,376.2308655,69.32835388,0.996763945,389.7521362,58.10557556,0.989979625,364.1246643,56.970047,0.987662971,405.6685486,68.63456726,0.84964329,342.8079529,65.3394928,0.823798478,429.4056702,134.9058838,0.996325672,306.4366455,139.1377411,0.995201111,466.7149048,207.0536957,0.979303241,268.8250732,208.799408,0.957872212,489.8470459,268.4436646,0.965973318,268.4279175,215.8481445,0.950442374,420.6004028,300.7854614,0.994445562,339.7391357,307.0591736,0.992746174,450.1662598,417.9239502,0.833718121,357.3233032,429.9591675,0.791448474,452.7144165,480,0.16617088,370.4367371,480,0.140232399
202,1.78E+12,10.194,376.2180786,69.32159424,0.997127235,389.6182861,58.39936829,0.989292979,364.12854,57.02554321,0.990266025,404.831665,69.89367676,0.835465372,341.8982544,66.40724182,0.869095325,429.1456909,137.2875977,0.996596873,302.8302917,144.4019165,0.997363508,472.5163879,207.2515564,0.975647092,266.5186768,217.0489502,0.97399503,495.4674072,267.4482117,0.961129427,267.5984497,221.3554077,0.962219775,418.1636047,301.8540649,0.995515764,336.4866638,308.8514709,0.995403886,446.2912903,417.8650818,0.854711533,361.8901062,430.4855347,0.853743434,445.0322571,480,0.190699965,379.1683044,480,0.188533276
203,1.78E+12,10.239,376.2180786,69.32159424,0.997127235,389.6182861,58.39936829,0.989292979,364.12854,57.02554321,0.990266025,404.831665,69.89367676,0.835465372,341.8982544,66.40724182,0.869095325,429.1456909,137.2875977,0.996596873,302.8302917,144.4019165,0.997363508,472.5163879,207.2515564,0.975647092,266.5186768,217.0489502,0.97399503,495.4674072,267.4482117,0.961129427,267.5984497,221.3554077,0.962219775,418.1636047,301.8540649,0.995515764,336.4866638,308.8514709,0.995403886,446.2912903,417.8650818,0.854711533,361.8901062,430.4855347,0.853743434,445.0322571,480,0.190699965,379.1683044,480,0.188533276
204,1.78E+12,10.331,377.1709595,69.34515381,0.996856809,390.8284302,58.33407593,0.990808964,364.8189087,57.14085388,0.987137437,407.2172852,70.28210449,0.877266824,343.631073,67.28106689,0.818493783,433.140625,138.3457336,0.996896625,306.6739502,144.2672424,0.996130109,473.1044312,209.0080872,0.981698513,268.5218506,215.595459,0.963734686,499.2624512,270.5505676,0.970398068,268.5567627,222.1827545,0.956499517,423.3448486,301.6736145,0.995329976,341.1237488,308.4048462,0.994044483,449.1014404,416.7836914,0.856665492,358.6814575,429.618103,0.822732627,447.7444153,480,0.188341662,373.3084717,480,0.163545623
205,1.78E+12,10.378,378.0545044,70.88511658,0.996053815,391.506958,59.75949097,0.990572989,365.8936157,58.44700623,0.979002714,408.4160767,70.72338867,0.883184671,344.707428,67.15234375,0.723552406,435.7683105,138.4065857,0.997708559,307.7830811,141.6502228,0.992281854,474.0706482,207.5218353,0.990157127,270.8571167,211.8679199,0.934689462,500.5811157,267.5063782,0.983449638,279.194397,223.0401917,0.943687201,422.8319397,301.4880371,0.995806932,339.1724854,307.3344727,0.991372228,446.5795288,410.9087524,0.883157313,351.9023743,423.4196167,0.783656061,442.1796875,479.3554077,0.215134442,366.1902161,480,0.141232073
206,1.78E+12,10.424,380.1925964,72.01806641,0.996107996,393.916687,60.89575195,0.990718782,367.828125,59.19380188,0.979648888,410.7560425,72.47262573,0.88193208,345.889801,68.12319946,0.731249392,438.2338562,141.7227478,0.997790456,307.955719,144.7275696,0.992127299,475.9343262,211.6148071,0.989722431,271.2304077,216.4040527,0.927869439,504.4439697,274.1831055,0.981520712,275.9526978,229.8046417,0.935939729,425.0718689,304.2442627,0.995797873,339.9105225,310.0396729,0.991097569,450.956543,411.9365234,0.884585857,353.4449158,424.4827271,0.781972051,443.6178894,478.9291382,0.226573423,366.7570801,480,0.147086129
207,1.78E+12,10.471,380.8288269,71.5774231,0.996289253,394.5585938,60.62644958,0.990952492,368.2973328,58.94062805,0.98122257,411.3499756,72.89530945,0.881594956,346.0802917,68.66487122,0.748750031,439.3668823,142.0717316,0.997747242,306.8964233,145.5999146,0.992874026,476.2691956,211.734314,0.989378512,268.8366699,217.1912384,0.935547173,504.5037842,275.4552002,0.980392516,275.7999268,229.1260834,0.939696312,426.7822876,306.6712952,0.995609224,339.5281372,312.8728638,0.991229057,455.2800293,413.5732117,0.864503324,351.6660156,426.7908325,0.759706676,447.6296082,479.3119202,0.193795681,361.9971924,480,0.128168583
208,1.78E+12,10.564,380.6575317,73.32463074,0.996471405,394.8905029,61.77075195,0.991637051,367.9351501,60.15921021,0.981331468,412.8673401,73.20335388,0.895052254,346.038147,69.18733215,0.737159312,441.155426,143.2667542,0.997813344,308.8260803,147.6271973,0.993851542,477.0339966,213.2973175,0.989641726,271.4513855,220.5520935,0.944403112,505.1640015,277.6716919,0.981287837,272.3740845,236.2168579,0.94638294,429.6199646,308.3795166,0.995943487,342.1411743,314.5516968,0.992347002,457.0216064,415.5852661,0.867700458,351.5316467,428.5841675,0.773634136,449.5385132,477.8572998,0.195309743,361.5648804,480,0.134199902
209,1.78E+12,10.657,381.7822266,74.39875793,0.996735156,396.0869446,62.67015076,0.992164254,368.787323,61.70318604,0.9836151,414.7960205,73.84599304,0.90268302,347.3370361,71.28913879,0.756921053,443.9007874,143.6679077,0.997584343,310.8631592,148.947998,0.995043993,479.4436646,213.8996887,0.988169551,274.3501587,219.4286652,0.956623435,506.2270813,279.3044739,0.979070187,275.9519043,231.619339,0.953941882,432.6039124,311.5133057,0.995849133,343.9415283,317.8987427,0.993331611,460.8605652,423.8630066,0.836001158,350.7653503,437.4433594,0.755981982,455.4909058,480,0.151709735,359.6399231,480,0.113025755
210,1.78E+12,10.704,382.6144104,75.12297058,0.99666959,396.7745056,63.12181091,0.991797686,369.3448486,62.2615509,0.983841002,415.2503662,73.82513428,0.894740283,347.536499,71.51568604,0.764375091,444.2353516,144.3760071,0.997533917,311.9806824,149.0259399,0.994758427,479.7464294,215.9832611,0.987140477,277.473999,220.3074951,0.952702105,508.5319214,280.370575,0.97683537,277.9770203,234.1838074,0.94900614,432.165802,311.8411255,0.995711088,344.2127686,317.8983154,0.99305445,459.8825684,422.7319336,0.843555212,351.2817993,436.0587158,0.765870631,452.2466431,479.6172485,0.167456403,359.3769531,480,0.124603137
211,1.78E+12,10.75,387.1161194,77.96981812,0.996791065,401.3805847,65.20581055,0.991826177,373.3831482,64.89907837,0.986282051,420.3331604,74.17843628,0.895370126,351.4934692,73.06622314,0.802729666,449.218811,146.1175232,0.997232497,314.6708679,149.4447174,0.995638549,484.5696411,218.8229065,0.981965482,276.7349243,220.8200378,0.955106735,514.6234741,286.0626831,0.96949321,279.4767761,244.236084,0.948057294,430.9619751,309.7941284,0.995312929,342.8401184,315.0513306,0.993518531,455.0987854,418.6853638,0.864725888,351.2882996,431.1885986,0.819369733,444.6376953,476.3591003,0.220312819,361.9421082,480,0.181744307
212,1.78E+12,10.796,388.2268982,78.31706238,0.996887743,402.8013916,65.84747314,0.992021918,374.8753052,65.10522461,0.986572027,422.1611023,75.22157288,0.901278257,353.4640198,73.11427307,0.803676784,450.4927979,147.7596741,0.997162759,317.0212097,151.2680054,0.996127427,485.7142334,218.5439911,0.981915236,279.4822998,221.9112244,0.961154759,515.9786987,286.3544617,0.970129609,279.6853027,246.5936584,0.953262389,433.3854675,313.4819641,0.995311081,345.7128601,318.5585022,0.993930221,455.5290527,428.6070557,0.83348161,352.499115,440.4661865,0.789269567,446.1248169,479.9555054,0.165961325,363.1822205,480,0.140005499
213,1.78E+12,10.842,389.4298096,78.9911499,0.996879935,404.0207825,66.66044617,0.992070258,376.2098999,65.80172729,0.986509621,423.2350464,76.21630859,0.90398556,354.9770508,73.77001953,0.805383146,451.2453918,148.984024,0.997245312,317.5550537,150.8022766,0.996160269,487.5032349,221.0264282,0.981790662,277.2172852,221.2374573,0.959992468,518.569397,290.7928772,0.970146537,280.0749512,247.8469238,0.952570558,431.7923279,311.3473511,0.995262861,344.7556763,315.7978821,0.993814826,453.3029785,423.6956787,0.851059377,354.0782776,434.6896057,0.810011923,444.1134338,478.09375,0.193623662,366.5151672,480,0.164192781
214,1.78E+12,10.888,389.9520264,79.39498901,0.996936679,405.0513611,67.31918335,0.992478609,377.1661987,66.11488342,0.986478627,424.9210815,77.28367615,0.915779412,356.829895,73.98965454,0.799448192,452.4630432,149.6568451,0.997231066,318.7782593,150.9229889,0.996548116,489.5274963,221.3935547,0.981771052,277.5914917,221.0245819,0.964247406,519.3835449,292.0111084,0.970765054,280.2337036,248.0341034,0.95624733,431.0898438,312.8292542,0.995297253,344.0963135,316.7844238,0.994171202,452.2404785,424.4818115,0.846878886,353.4396057,434.4629822,0.812724292,444.4662476,479.5183716,0.188162357,366.9625244,480,0.165117919
215,1.78E+12,10.935,391.6022034,79.54998779,0.996866047,406.8259277,67.04949951,0.992292285,378.2012939,66.10816956,0.986664534,426.6293335,76.48684692,0.909343064,356.8738708,73.76679993,0.800359964,452.9362183,149.6106873,0.99713093,319.3765564,149.4800415,0.995910645,492.031311,222.7911987,0.980788529,277.2611084,218.4821777,0.956517756,519.9700928,293.9468384,0.969436526,279.8973999,247.204834,0.949647546,428.0351257,313.0626831,0.994872391,341.4518738,316.3806458,0.99320215,451.2497864,422.7029114,0.850290656,354.3015137,431.6690369,0.808430791,444.486969,477.7088623,0.203155667,367.6988525,480,0.172467425
216,1.78E+12,10.981,392.5032349,79.86116028,0.997019589,407.2830505,67.29972839,0.991895139,379.0751038,66.52294922,0.987822354,426.3118896,76.34382629,0.89534831,357.2077637,74.03573608,0.820261598,452.9089355,149.2067566,0.997106493,319.2383118,149.9382629,0.996156871,492.2911682,222.7246704,0.980802774,278.1852417,219.6720581,0.960502565,519.8060913,293.2270508,0.96999526,280.3902893,245.8530426,0.953940332,428.2920837,313.322937,0.994706452,341.4689331,316.8822937,0.993244708,449.31073,425.678894,0.832040906,351.4755859,435.2356567,0.790688336,441.9417725,479.7443237,0.170859382,364.2278137,480,0.145116091
217,1.78E+12,11.028,393.1222534,79.20463562,0.99692744,408.2495117,67.01525879,0.992023468,380.1386108,65.71528625,0.986960173,427.4206238,76.53436279,0.902203143,358.5391846,72.9258728,0.807644606,453.2113647,149.9856567,0.997101009,319.465271,148.6667938,0.995954037,492.6699829,224.0042267,0.981063604,276.885498,216.6879883,0.957579732,520.3130493,293.7080688,0.970494866,279.8827209,239.8670502,0.951474786,427.263855,313.7878113,0.994782269,340.7206726,316.3851929,0.993147433,444.6958618,429.9899902,0.830537081,349.8366089,438.2088318,0.782314777,439.7120667,480,0.163808256,365.934845,480,0.13611035
218,1.78E+12,11.074,393.1676025,78.55273438,0.997079134,407.9051514,66.55509949,0.992089391,379.9692078,65.59240723,0.987910271,426.6096497,76.60282898,0.901480138,358.3821411,73.82582092,0.817310274,452.6949463,150.5263062,0.997016549,320.9806824,147.8174896,0.996305108,493.2786865,225.2849121,0.980558693,277.7585144,212.6092529,0.962959409,521.0987549,293.96698,0.970681846,277.8289795,235.9667206,0.956840694,427.257843,315.1113586,0.994694531,342.1221924,316.9411926,0.993481517,443.7693787,430.1369629,0.824451685,349.9110107,437.1560364,0.785678923,441.4698792,480,0.157369256,366.236969,480,0.135723814
219,1.78E+12,11.12,390.1983032,77.8157959,0.996866167,405.6028442,65.85481262,0.992095172,377.3473206,64.42802429,0.986649215,424.9695435,75.76649475,0.907626688,356.2481384,71.91604614,0.803940058,449.6480103,147.5639648,0.996749997,318.065918,147.4556885,0.996118903,489.8449097,220.0202026,0.978714168,274.7800903,213.7493591,0.960161984,517.2128296,285.260376,0.968509912,278.2183838,224.8108673,0.954018772,424.411377,311.4160461,0.994233549,340.0105896,314.4139709,0.993033886,436.0660706,428.1682129,0.823527873,348.4424438,437.0797119,0.785858154,430.8432922,480,0.157791883,366.6443176,480,0.137114048
220,1.78E+12,11.167,388.7019958,77.25357056,0.996875882,403.8571167,65.16766357,0.992126107,375.7891846,63.86253357,0.986296535,423.1401367,74.91537476,0.908336878,354.700592,71.38867188,0.795885086,448.4692993,147.9864502,0.996932983,317.1528625,146.6611328,0.995983958,488.5812378,221.529068,0.979821682,273.2483826,212.6899109,0.958119571,515.6643066,282.949585,0.970794022,273.151001,226.016037,0.953775048,422.6175842,309.1484985,0.994607151,338.6203918,311.5856628,0.993193984,434.7488403,424.6613159,0.851687193,347.9001465,432.6588135,0.812520683,430.1121521,480,0.190191463,367.3477478,480,0.162474334
221,1.78E+12,11.213,388.3829651,76.75993347,0.996822238,402.9133911,64.61299133,0.991514683,375.2660522,63.62519836,0.986417651,421.2349548,74.02432251,0.892466605,353.3582764,71.3323822,0.805849195,446.4710999,146.1670074,0.996962368,315.527771,146.8021088,0.99573946,486.463562,219.2443695,0.980570614,273.680603,214.0647888,0.956212223,513.1807251,280.0005188,0.971447647,276.3390808,223.4398651,0.952859998,422.4346008,307.4583435,0.99472636,338.4779663,311.0172729,0.99309057,435.1587219,421.5492554,0.860648572,347.6161804,431.41745,0.817668855,431.2174988,478.8372803,0.202433392,367.9060059,480,0.168292105
222,1.78E+12,11.26,387.3361206,75.7278595,0.997316778,401.819397,64.12251282,0.990163505,374.5381775,62.61860657,0.990347505,418.1879272,74.66746521,0.844802439,350.952179,70.88096619,0.856020927,440.513916,144.7927704,0.996676326,312.8640137,147.4091339,0.99736625,485.6101074,216.6659241,0.977622509,272.32724,214.2264709,0.974984646,509.2076416,278.4226685,0.967274189,265.3944092,220.8706818,0.965572596,420.8841858,308.9724426,0.995094538,339.0861206,312.8805237,0.99487406,438.3010254,427.5338135,0.814870179,358.7843323,436.3923645,0.807820916,436.0793152,480,0.135975644,376.6862183,480,0.131330132
223,1.78E+12,11.306,384.5827637,74.71795654,0.99722147,399.385437,63.41148376,0.991576672,371.9000854,62.10978699,0.989238501,416.9434814,74.88665771,0.892412245,350.2572937,71.48373413,0.830543816,441.0557251,145.2707977,0.996588945,313.1417847,145.6743774,0.997004211,484.5867615,218.2067719,0.978869498,271.0858765,210.8235474,0.972713232,506.3701782,278.9205017,0.970493376,264.4420166,222.8901825,0.965669632,420.2491455,308.6939697,0.99455291,337.747467,311.6915894,0.994183481,439.4833069,425.577179,0.811397731,351.3018799,432.7162476,0.796528041,441.5180054,480,0.137907922,368.7518005,480,0.131149605
224,1.78E+12,11.351,382.6658936,73.93563843,0.997198582,397.2115479,62.92614746,0.990924597,370.3597107,61.52243042,0.989138663,414.0006714,74.60240173,0.880593359,348.3855591,71.07418823,0.832655907,437.6949768,143.3016968,0.996873081,310.5052795,146.4467316,0.997487068,484.2261963,213.8796234,0.979997277,269.8624878,212.4281464,0.97656256,504.9404297,275.8885803,0.969986141,263.1179199,221.4282227,0.966434062,418.1555786,310.5480042,0.995729744,336.3857422,314.3552551,0.995504797,436.1878357,427.2911987,0.82879442,353.9501648,435.3317566,0.821395218,436.692749,480,0.148361757,371.5874939,480,0.144845694
225,1.78E+12,11.398,381.6712952,73.65281677,0.997178674,396.0695801,62.37532043,0.991031528,369.2960815,61.02778625,0.989469647,413.03125,73.11624146,0.883284986,347.8791809,69.58822632,0.83708185,436.6876221,143.340332,0.996357858,312.2979736,142.8465881,0.996966541,479.2458496,214.8476105,0.976737022,273.794342,205.7063904,0.972316623,499.6090088,274.4855042,0.968825459,264.8303528,221.2471771,0.965316236,416.3282471,305.0927734,0.994650781,336.0256042,307.3782349,0.994494021,431.7099609,422.6040039,0.838876545,345.9570923,428.6248474,0.829074383,435.4697876,480,0.169169143,365.9635925,480,0.162747681
226,1.78E+12,11.445,374.7126465,73.74407959,0.997421622,388.7766113,63.05682373,0.991226852,363.072937,61.70819092,0.990307212,405.1154175,73.96044922,0.887809098,342.8403931,70.61645508,0.850225151,428.3948975,140.7289734,0.996386886,306.510376,144.0160217,0.997794271,471.074707,211.0210419,0.977421999,263.8207092,208.4014587,0.980632842,486.2504272,269.6905212,0.970692813,250.1633606,214.4859772,0.974234819,410.585083,305.1844482,0.994813323,332.6399841,308.7579346,0.995401263,419.1913452,422.5684204,0.830719411,339.6993408,429.868866,0.836147308,423.7580566,480,0.15111129,362.1928711,480,0.155349225
227,1.78E+12,11.491,373.6696472,73.74165344,0.997414708,387.6359558,62.94166565,0.991119802,362.0510254,61.4599762,0.989997149,403.5551453,73.53753662,0.880111456,341.3510742,69.88314819,0.848307967,426.1059265,140.0062256,0.996593416,304.6398926,143.5400085,0.997551262,469.6195679,211.273468,0.979283929,259.6513367,209.0881958,0.97795552,486.6241455,270.7127686,0.972989202,244.3993835,211.3159637,0.972782731,408.4560547,300.8647156,0.994962931,331.2584839,304.7008667,0.995119989,415.2105713,419.2081909,0.852638781,338.3824158,427.2329712,0.845536113,419.8930664,480,0.171313077,361.4455566,480,0.166103914
228,1.78E+12,11.539,373.3004761,72.64321899,0.997224689,387.5319519,61.94256592,0.98812896,361.5603943,60.0619812,0.990543425,402.4751282,73.24986267,0.809730589,339.2507629,68.79432678,0.871915102,422.2698975,139.3754272,0.996174574,301.8036804,144.9770203,0.997878432,466.3349304,213.4268799,0.973922431,262.1631775,215.2010498,0.980701864,486.9905396,266.3661194,0.961536288,238.4444733,205.5784454,0.968894958,402.9733276,307.9063721,0.994827092,326.931366,312.2449036,0.995402932,411.1820679,428.2486877,0.798916399,345.7397156,437.7177734,0.813663602,404.1028442,480,0.117765501,364.7250977,480,0.123170488
229,1.78E+12,11.587,373.7787476,71.02166748,0.997327566,387.9351196,60.61231995,0.987901926,361.9344177,58.72891235,0.991293013,402.1055298,72.59632874,0.801319897,339.3179016,68.31187439,0.882576406,419.907074,137.9959106,0.99603492,301.9685364,143.6815186,0.998035133,463.8233948,209.7837524,0.973860681,260.1862488,211.4146423,0.98288399,484.675354,263.2196045,0.963433504,231.606842,202.9023132,0.972648263,398.5249329,306.2855835,0.994910896,324.4619141,310.5005798,0.995690167,405.5647583,424.686615,0.811617553,343.4075623,433.9464722,0.831107259,398.7617798,480,0.127625972,361.6809387,479.9783936,0.136146128
230,1.78E+12,11.633,373.3388977,69.9282074,0.997122467,386.9877319,59.27819824,0.987388611,361.1619568,57.93986511,0.990523875,400.7014465,70.82743835,0.806474686,338.5829773,67.91044617,0.87618047,419.0673828,136.7424011,0.996017039,303.3601685,141.6923828,0.997926474,461.9960327,208.0175323,0.972907424,260.7987061,207.2714691,0.981234491,481.1964722,258.6310425,0.963108897,228.7553711,203.5065918,0.970862925,397.7206116,302.9176025,0.995252967,325.8726807,306.5028687,0.995909333,399.543457,417.7580261,0.857539177,342.5571289,426.0075684,0.870325208,392.8137207,477.5407104,0.183963656,362.8388062,477.2441101,0.193387851
231,1.78E+12,11.68,371.4269714,69.43821716,0.997698128,384.3787537,58.22645569,0.989367425,358.7904358,57.95429993,0.992785871,398.5856018,68.6033783,0.838898718,337.5375977,68.10757446,0.897849977,420.4619141,137.1234741,0.995637357,303.8095093,142.2304688,0.998306274,462.2668152,208.5181122,0.968799055,258.8807678,204.632843,0.985681057,481.1384583,261.4624939,0.963829041,225.5688324,206.8035889,0.978998125,398.4891357,306.8523865,0.993418455,327.0718689,310.3768311,0.995345294,395.9822693,431.8916016,0.754420221,342.0070496,440.2682495,0.800946474,385.0608521,480,0.086722612,360.727356,480,0.101316787
232,1.78E+12,11.727,370.816864,68.9355011,0.997836411,383.8919067,57.53010559,0.989588618,358.0709229,57.26576233,0.993375719,398.253479,67.47636414,0.839472532,336.7713623,67.04283142,0.90358156,420.0708618,135.8205261,0.995519757,303.9483032,140.3134155,0.998537183,461.5101318,206.5982361,0.966949046,258.3527832,202.1600647,0.98785162,480.9506226,259.940155,0.963439822,220.361145,209.891098,0.981731057,397.8344116,303.3163757,0.993529856,326.8558655,306.2184753,0.995833278,392.9509888,425.9253235,0.778538823,338.4377136,433.2267761,0.833507776,382.6256104,480,0.101906195,357.7921753,480,0.125062838
233,1.78E+12,11.773,370.353241,67.80718994,0.997841358,383.3664856,56.21777344,0.989496648,357.6283569,56.04943848,0.993433833,397.8499756,65.67367554,0.837471008,336.5562439,65.40885925,0.904789627,419.3880005,134.3432159,0.995483637,304.210083,139.0688477,0.998557627,460.1996155,206.0122833,0.966296673,257.0740051,202.6771698,0.987941921,479.028717,258.5489197,0.963097036,218.258728,211.7363892,0.982003391,397.8512878,302.5255737,0.993509829,327.6018372,305.5543213,0.995862365,393.2911377,427.043335,0.777502477,340.3752441,434.2669067,0.833935499,382.7879028,480,0.100376889,358.6590271,480,0.123860881
234,1.78E+12,11.82,369.9822388,67.68762207,0.997528613,384.1341553,56.68391418,0.988901734,358.5407715,54.80001831,0.99186033,398.8798828,67.38526917,0.851132572,338.1091919,63.43624878,0.888430238,418.9517212,135.7003479,0.996194959,301.144928,139.535553,0.998694837,455.7978516,205.1054077,0.972281098,256.7491455,203.9743042,0.98830682,474.3239746,256.9307556,0.96041131,209.2695618,207.7077789,0.977820337,390.2314758,313.3016968,0.996747851,314.5973511,314.9881592,0.997702062,396.2978821,445.3898315,0.785034716,320.6965637,451.504364,0.827239096,387.1232605,480,0.093151212,329.2906189,480,0.10836459
235,1.78E+12,11.915,368.6810608,63.72496033,0.997705758,381.9794006,53.08518982,0.987536967,356.4699707,51.68849182,0.993445396,396.0504761,64.68144226,0.830551863,335.40802,62.06216431,0.914064348,418.5742493,135.3222046,0.995596111,301.3154907,136.8754272,0.999135792,453.6509399,201.7472229,0.966054857,258.7493286,197.8439789,0.993202507,469.9272766,253.3913574,0.956252873,208.4505157,228.4866486,0.985201001,395.6825562,316.8680725,0.996792018,320.1763916,317.7640991,0.998331726,405.1904907,449.7424622,0.747587562,328.2752075,452.8561707,0.84013176,399.1049194,480,0.075246967,339.9191589,480,0.106518649
236,1.78E+12,11.961,368.0934448,62.64900208,0.997726142,381.5005493,52.35710144,0.987814188,355.9997559,50.83708191,0.9934268,395.8466797,64.89994812,0.833358884,335.2008667,62.14311218,0.906350374,418.3892517,135.5568542,0.995115995,301.3296509,137.1530151,0.999155998,453.5586548,202.6807556,0.965443134,259.3291016,198.976532,0.993917704,470.447937,255.6110992,0.95666939,204.9338074,231.6465912,0.986469626,395.636261,316.9359741,0.996844411,319.5656433,317.6377563,0.998450518,406.9268799,450.204834,0.751780748,324.6521301,452.8674316,0.849395692,404.8430481,480,0.077235386,336.3857422,480,0.113145031
237,1.78E+12,12.008,369.0973206,61.83786011,0.99780184,382.0394592,50.96255493,0.986006737,356.2163086,50.6137085,0.994538128,395.5833435,62.63366699,0.781640768,334.3114929,62.09724426,0.929638624,416.677063,133.094101,0.994511604,303.1963196,136.133728,0.999154449,457.3505249,202.6505737,0.96039778,261.905426,201.6906738,0.994222105,471.5093384,251.5371704,0.958017945,213.1876984,234.6322632,0.988480568,397.0064697,315.7124023,0.994763732,325.0214539,317.2663269,0.997632384,403.019104,444.1118774,0.712013245,336.0375671,447.0617371,0.83499229,399.9194641,480,0.065978892,350.6692505,480,0.101886451
238,1.78E+12,12.056,368.7240601,62.77784729,0.997705758,381.7653809,52.45045471,0.98690182,356.6825867,50.98629761,0.993490696,395.7152405,64.58952332,0.821250498,335.9108887,61.86016846,0.913829744,418.5590515,135.5851288,0.995329738,302.3367615,136.6653442,0.999238729,452.1304626,202.1499329,0.966683626,261.4537659,198.6610565,0.994642973,470.0070496,255.1807404,0.957802892,209.3954468,237.0262299,0.987692416,398.3091736,317.482605,0.996983588,322.5549316,318.3146362,0.998568416,411.587616,450.0704651,0.746362269,328.8999023,452.7068481,0.850591719,409.7661133,480,0.073658749,341.1600342,480,0.110473685
239,1.78E+12,12.102,369.0704956,62.32452393,0.997811735,381.8860474,51.91407776,0.986864865,356.7107544,50.59823608,0.993972838,395.6139526,64.23187256,0.808057666,335.3572388,61.91108704,0.918850183,419.3882751,136.0112,0.995032787,302.1007385,137.2157898,0.999253929,452.0219116,203.3320618,0.964851022,262.0343628,199.0215302,0.994948149,468.4563293,254.9721222,0.956265986,209.1937561,236.1987,0.988381684,401.3952026,319.6925659,0.996675014,324.5301819,320.7168274,0.998490095,416.1749878,453.2206421,0.704981208,330.433136,456.0982971,0.828027606,414.4056091,480,0.058390103,342.0983276,480,0.090384617
240,1.78E+12,12.195,371.5287781,60.97485352,0.998003423,383.5666199,49.56903076,0.98577404,358.0039978,50.04975891,0.995312214,396.1656799,60.43844604,0.738824427,334.7867432,61.84700012,0.940980017,418.6024475,131.1019592,0.994902372,303.147644,135.7756042,0.999167085,457.3641968,202.5484924,0.964205623,264.1317444,202.7307739,0.994519055,470.7017822,254.0988922,0.958761692,215.4512634,235.9960938,0.988775849,400.9257202,316.7065735,0.995109737,325.7425537,319.4347534,0.9977054,416.2164307,444.3100586,0.699171185,334.3043213,449.6438599,0.822108209,414.7203979,480,0.060103673,343.6853333,480,0.090233795
241,1.78E+12,12.242,377.3103027,60.90341187,0.997270405,389.3652649,49.51896667,0.98204273,363.443634,50.19224548,0.99333775,401.2938232,60.49345398,0.733213067,340.1399536,61.97529602,0.938732147,422.6331482,132.1784515,0.994941115,310.7358398,135.0386353,0.998803139,463.8034973,201.6555481,0.963080227,268.0662537,198.0869904,0.990702033,479.6741943,252.9528198,0.952829301,210.2174988,236.2221375,0.981817007,406.6959229,320.5894165,0.992205203,336.3820801,322.7915039,0.995608389,413.7436829,445.9779358,0.648132801,350.6088562,450.4684143,0.755430341,410.3407898,480,0.049635924,368.52005,480,0.067171283
242,1.78E+12,12.288,380.5089722,61.4185791,0.997501671,392.1564026,50.05819702,0.982387841,367.1547546,50.59741211,0.993888974,403.8743896,60.84521484,0.701354146,344.0980225,62.19200134,0.931140363,425.0264282,132.357666,0.994057417,312.9505005,134.7828979,0.998961329,461.5257568,204.3963623,0.963976264,268.7300415,200.0257416,0.993727446,479.1341553,255.6114655,0.958604932,214.4181976,236.8244324,0.987843156,409.2099915,320.4214478,0.994379818,336.8296509,322.59375,0.997234046,422.8564453,448.6222229,0.650848806,347.137146,453.31604,0.778279662,422.8789063,480,0.046669483,358.0088501,480,0.068197049
243,1.78E+12,12.334,380.5089722,61.4185791,0.997501671,392.1564026,50.05819702,0.982387841,367.1547546,50.59741211,0.993888974,403.8743896,60.84521484,0.701354146,344.0980225,62.19200134,0.931140363,425.0264282,132.357666,0.994057417,312.9505005,134.7828979,0.998961329,461.5257568,204.3963623,0.963976264,268.7300415,200.0257416,0.993727446,479.1341553,255.6114655,0.958604932,214.4181976,236.8244324,0.987843156,409.2099915,320.4214478,0.994379818,336.8296509,322.59375,0.997234046,422.8564453,448.6222229,0.650848806,347.137146,453.31604,0.778279662,422.8789063,480,0.046669483,358.0088501,480,0.068197049
